date,platform,campaign_id,campaign_name,objective,ad_group_id,ad_group_name,impressions,clicks,spend,conversions,conversion_value,video_views,video_watch_25,video_watch_50,video_watch_75,video_watch_100,likes,shares,comments,reach,frequency,quality_score,search_impression_share,engagements,engagement_rate,ctr,cpc,cpm,cvr,cpa,roas,video_view_rate,video_completion_rate,source_file
2024-01-01,Facebook,fb_1001,Brand_Awareness_Q1,Awareness,fbset_2001,Broad_Audience_18-35,45623,892,127.50,12,,8234,,,,,,,,38234,1.1900,,,,0.0195,0.0196,0.14,2.79,0.0135,10.62,,0.1805,,01_facebook_ads.csv
2024-01-01,Facebook,fb_1002,Conversions_Retargeting,Retargeting,fbset_2002,Cart_Abandoners,12456,567,215.80,34,,1234,,,,,,,,9876,1.2600,,,,0.0455,0.0455,0.38,17.32,0.0600,6.35,,0.0991,,01_facebook_ads.csv
2024-01-01,Facebook,fb_1003,Traffic_Drive_Jan,Traffic,fbset_2003,Lookalike_Purchasers,34567,1234,189.90,23,,4567,,,,,,,,28934,1.1900,,,,0.0357,0.0357,0.15,5.49,0.0186,8.26,,0.1321,,01_facebook_ads.csv
2024-01-01,Google,g_5001,Search_Brand_Terms,Search,gad_6001,Brand_Exact,23456,1234,234.50,45,2250.00,,,,,,,,,,,9.0000,0.9200,,,0.0526,0.19,10.00,0.0365,5.21,9.5949,,,02_google_ads.csv
2024-01-01,Google,g_5002,Search_Generic_Terms,Search,gad_6002,Product_Broad,45678,890,567.80,23,1150.00,,,,,,,,,,,7.0000,0.4500,,,0.0195,0.64,12.43,0.0258,24.69,2.0254,,,02_google_ads.csv
2024-01-01,Google,g_5003,Shopping_All_Products,Shopping,gad_6003,Best_Sellers,67890,2345,423.60,67,3350.00,,,,,,,,,,,8.0000,0.6700,,,0.0345,0.18,6.24,0.0286,6.32,7.9084,,,02_google_ads.csv
2024-01-01,TikTok,tt_8001,Awareness_GenZ,Awareness,ttad_9001,Dance_Challenge,234567,3456,456.70,34,,198234,156234,98234,67234,45234,8923,2345,567,,,,,11835,0.0505,0.0147,0.13,1.95,0.0098,13.43,,0.8451,0.2282,03_tiktok_ads.csv
2024-01-01,TikTok,tt_8002,Conversion_Focus,Conversion,ttad_9002,Product_Demo,123456,2345,678.90,67,,89234,67234,45234,34234,23456,4567,1234,234,,,,,6035,0.0489,0.0190,0.29,5.50,0.0286,10.13,,0.7228,0.2629,03_tiktok_ads.csv
2024-01-01,TikTok,tt_8003,Traffic_Campaign,Traffic,ttad_9003,Trending_Sounds,189234,2890,345.60,23,,145678,112345,89234,56789,34567,6789,1890,456,,,,,9135,0.0483,0.0153,0.12,1.83,0.0080,15.03,,0.7698,0.2373,03_tiktok_ads.csv
2024-01-02,Facebook,fb_1001,Brand_Awareness_Q1,Awareness,fbset_2001,Broad_Audience_18-35,42345,823,118.20,10,,7890,,,,,,,,36789,1.1500,,,,0.0194,0.0194,0.14,2.79,0.0122,11.82,,0.1863,,01_facebook_ads.csv
2024-01-02,Facebook,fb_1002,Conversions_Retargeting,Retargeting,fbset_2002,Cart_Abandoners,13678,623,234.50,38,,1456,,,,,,,,10234,1.3400,,,,0.0455,0.0455,0.38,17.14,0.0610,6.17,,0.1064,,01_facebook_ads.csv
2024-01-02,Facebook,fb_1003,Traffic_Drive_Jan,Traffic,fbset_2003,Lookalike_Purchasers,36789,1345,201.30,25,,4890,,,,,,,,30123,1.2200,,,,0.0366,0.0366,0.15,5.47,0.0186,8.05,,0.1329,,01_facebook_ads.csv
2024-01-02,Google,g_5001,Search_Brand_Terms,Search,gad_6001,Brand_Exact,24567,1289,245.60,48,2400.00,,,,,,,,,,,9.0000,0.9100,,,0.0525,0.19,10.00,0.0372,5.12,9.7720,,,02_google_ads.csv
2024-01-02,Google,g_5002,Search_Generic_Terms,Search,gad_6002,Product_Broad,43234,823,534.20,21,1050.00,,,,,,,,,,,7.0000,0.4400,,,0.0190,0.65,12.36,0.0255,25.44,1.9656,,,02_google_ads.csv
2024-01-02,Google,g_5003,Shopping_All_Products,Shopping,gad_6003,Best_Sellers,71234,2456,445.80,71,3550.00,,,,,,,,,,,8.0000,0.6800,,,0.0345,0.18,6.26,0.0289,6.28,7.9632,,,02_google_ads.csv
2024-01-02,TikTok,tt_8001,Awareness_GenZ,Awareness,ttad_9001,Dance_Challenge,245678,3678,478.90,36,,207345,163456,102345,70234,47234,9234,2456,589,,,,,12279,0.0500,0.0150,0.13,1.95,0.0098,13.30,,0.8440,0.2278,03_tiktok_ads.csv
2024-01-02,TikTok,tt_8002,Conversion_Focus,Conversion,ttad_9002,Product_Demo,134567,2567,712.30,71,,95678,71234,48234,36234,24567,4789,1345,245,,,,,6379,0.0474,0.0191,0.28,5.29,0.0277,10.03,,0.7110,0.2568,03_tiktok_ads.csv
2024-01-02,TikTok,tt_8003,Traffic_Campaign,Traffic,ttad_9003,Trending_Sounds,198345,3012,361.20,25,,152345,117234,93234,59234,36234,7123,1967,478,,,,,9568,0.0482,0.0152,0.12,1.82,0.0083,14.45,,0.7681,0.2378,03_tiktok_ads.csv
2024-01-03,Facebook,fb_1001,Brand_Awareness_Q1,Awareness,fbset_2001,Broad_Audience_18-35,48234,967,134.80,14,,8901,,,,,,,,40123,1.2000,,,,0.0201,0.0200,0.14,2.79,0.0145,9.63,,0.1845,,01_facebook_ads.csv
2024-01-03,Facebook,fb_1002,Conversions_Retargeting,Retargeting,fbset_2002,Cart_Abandoners,11234,489,198.70,31,,1123,,,,,,,,8901,1.2600,,,,0.0435,0.0435,0.41,17.69,0.0634,6.41,,0.1000,,01_facebook_ads.csv
2024-01-03,Facebook,fb_1003,Traffic_Drive_Jan,Traffic,fbset_2003,Lookalike_Purchasers,38901,1456,213.40,28,,5234,,,,,,,,31456,1.2400,,,,0.0375,0.0374,0.15,5.49,0.0192,7.62,,0.1345,,01_facebook_ads.csv
2024-01-03,Google,g_5001,Search_Brand_Terms,Search,gad_6001,Brand_Exact,22345,1123,213.40,42,2100.00,,,,,,,,,,,9.0000,0.9300,,,0.0503,0.19,9.55,0.0374,5.08,9.8407,,,02_google_ads.csv
2024-01-03,Google,g_5002,Search_Generic_Terms,Search,gad_6002,Product_Broad,47890,967,623.50,25,1250.00,,,,,,,,,,,6.0000,0.4300,,,0.0202,0.64,13.02,0.0259,24.94,2.0048,,,02_google_ads.csv
2024-01-03,Google,g_5004,Display_Remarketing,Retargeting,gad_6004,Cart_Abandoners,123456,456,123.40,12,600.00,,,,,,,,,,,7.0000,0.3500,,,0.0037,0.27,1.00,0.0263,10.28,4.8622,,,02_google_ads.csv
2024-01-03,TikTok,tt_8001,Awareness_GenZ,Awareness,ttad_9001,Dance_Challenge,223456,3234,434.50,32,,189234,148234,93234,63456,43234,8567,2234,534,,,,,11335,0.0507,0.0145,0.13,1.94,0.0099,13.58,,0.8469,0.2285,03_tiktok_ads.csv
2024-01-03,TikTok,tt_8002,Conversion_Focus,Conversion,ttad_9002,Product_Demo,112345,2123,623.40,62,,82345,61234,41234,31234,21234,4234,1123,212,,,,,5569,0.0496,0.0189,0.29,5.55,0.0292,10.05,,0.7330,0.2579,03_tiktok_ads.csv
2024-01-03,TikTok,tt_8004,Influencer_Collab,Influencer,ttad_9004,Creator_Partnership,345678,5678,890.10,89,,289234,234567,189234,134567,89234,15678,4567,1234,,,,,21479,0.0621,0.0164,0.16,2.57,0.0157,10.00,,0.8367,0.3085,03_tiktok_ads.csv
2024-01-04,Facebook,fb_1001,Brand_Awareness_Q1,Awareness,fbset_2001,Broad_Audience_18-35,51234,1023,142.30,15,,9234,,,,,,,,42567,1.2000,,,,0.0200,0.0200,0.14,2.78,0.0147,9.49,,0.1802,,01_facebook_ads.csv
2024-01-04,Facebook,fb_1002,Conversions_Retargeting,Retargeting,fbset_2002,Cart_Abandoners,14567,678,245.60,42,,1567,,,,,,,,11234,1.3000,,,,0.0465,0.0465,0.36,16.86,0.0619,5.85,,0.1076,,01_facebook_ads.csv
2024-01-04,Facebook,fb_1004,Video_Views_Campaign,Awareness,fbset_2004,Video_Enthusiasts,67890,234,89.50,5,,45678,,,,,,,,56789,1.2000,,,,0.0034,0.0034,0.38,1.32,0.0214,17.90,,0.6728,,01_facebook_ads.csv
2024-01-04,Google,g_5001,Search_Brand_Terms,Search,gad_6001,Brand_Exact,25678,1345,256.70,50,2500.00,,,,,,,,,,,9.0000,0.9200,,,0.0524,0.19,10.00,0.0372,5.13,9.7390,,,02_google_ads.csv
2024-01-04,Google,g_5003,Shopping_All_Products,Shopping,gad_6003,Best_Sellers,69456,2234,412.30,65,3250.00,,,,,,,,,,,8.0000,0.6600,,,0.0322,0.18,5.94,0.0291,6.34,7.8826,,,02_google_ads.csv
2024-01-04,Google,g_5004,Display_Remarketing,Retargeting,gad_6004,Cart_Abandoners,134567,489,134.50,14,700.00,,,,,,,,,,,7.0000,0.3600,,,0.0036,0.28,1.00,0.0286,9.61,5.2045,,,02_google_ads.csv
2024-01-04,TikTok,tt_8001,Awareness_GenZ,Awareness,ttad_9001,Dance_Challenge,256789,3890,512.30,39,,217456,170234,107234,72456,48456,9567,2567,612,,,,,12746,0.0496,0.0151,0.13,2.00,0.0100,13.14,,0.8468,0.2228,03_tiktok_ads.csv
2024-01-04,TikTok,tt_8003,Traffic_Campaign,Traffic,ttad_9003,Trending_Sounds,201234,3123,374.50,26,,157890,121234,96234,61234,37456,7345,2034,489,,,,,9868,0.0490,0.0155,0.12,1.86,0.0083,14.40,,0.7846,0.2372,03_tiktok_ads.csv
2024-01-04,TikTok,tt_8004,Influencer_Collab,Influencer,ttad_9004,Creator_Partnership,367890,6012,923.40,94,,301234,245678,196789,140234,93456,16234,4789,1289,,,,,22312,0.0606,0.0163,0.15,2.51,0.0156,9.82,,0.8188,0.3102,03_tiktok_ads.csv
2024-01-05,Facebook,fb_1001,Brand_Awareness_Q1,Awareness,fbset_2001,Broad_Audience_18-35,46789,934,131.20,13,,8567,,,,,,,,39234,1.1900,,,,0.0200,0.0200,0.14,2.80,0.0139,10.09,,0.1831,,01_facebook_ads.csv
2024-01-05,Facebook,fb_1002,Conversions_Retargeting,Retargeting,fbset_2002,Cart_Abandoners,12890,567,220.30,36,,1345,,,,,,,,10123,1.2700,,,,0.0440,0.0440,0.39,17.09,0.0635,6.12,,0.1043,,01_facebook_ads.csv
2024-01-05,Facebook,fb_1004,Video_Views_Campaign,Awareness,fbset_2004,Video_Enthusiasts,71234,256,94.80,6,,48901,,,,,,,,59234,1.2000,,,,0.0036,0.0036,0.37,1.33,0.0234,15.80,,0.6865,,01_facebook_ads.csv
2024-01-05,Google,g_5001,Search_Brand_Terms,Search,gad_6001,Brand_Exact,23890,1234,234.90,46,2300.00,,,,,,,,,,,9.0000,0.9100,,,0.0517,0.19,9.83,0.0373,5.11,9.7914,,,02_google_ads.csv
2024-01-05,Google,g_5002,Search_Generic_Terms,Search,gad_6002,Product_Broad,46234,912,589.30,24,1200.00,,,,,,,,,,,7.0000,0.4500,,,0.0197,0.65,12.75,0.0263,24.55,2.0363,,,02_google_ads.csv
2024-01-05,Google,g_5004,Display_Remarketing,Retargeting,gad_6004,Cart_Abandoners,128901,467,128.90,13,650.00,,,,,,,,,,,7.0000,0.3400,,,0.0036,0.28,1.00,0.0278,9.92,5.0427,,,02_google_ads.csv
2024-01-05,TikTok,tt_8001,Awareness_GenZ,Awareness,ttad_9001,Dance_Challenge,234234,3467,460.20,35,,199234,156789,98789,67789,45456,8945,2367,578,,,,,11890,0.0508,0.0148,0.13,1.96,0.0101,13.15,,0.8506,0.2282,03_tiktok_ads.csv
2024-01-05,TikTok,tt_8002,Conversion_Focus,Conversion,ttad_9002,Product_Demo,128901,2456,689.50,68,,91234,68234,45789,34567,23678,4678,1267,237,,,,,6182,0.0480,0.0191,0.28,5.35,0.0277,10.14,,0.7078,0.2595,03_tiktok_ads.csv
2024-01-05,TikTok,tt_8004,Influencer_Collab,Influencer,ttad_9004,Creator_Partnership,356789,5834,901.20,91,,293456,239234,191234,136234,90234,15890,4634,1256,,,,,21780,0.0610,0.0164,0.15,2.53,0.0156,9.90,,0.8225,0.3075,03_tiktok_ads.csv
2024-01-06,Facebook,fb_1001,Brand_Awareness_Q1,Awareness,fbset_2001,Broad_Audience_18-35,44567,878,125.60,11,,8123,,,,,,,,37456,1.1900,,,,0.0197,0.0197,0.14,2.82,0.0125,11.42,,0.1823,,01_facebook_ads.csv
2024-01-06,Facebook,fb_1003,Traffic_Drive_Jan,Traffic,fbset_2003,Lookalike_Purchasers,35678,1289,195.60,24,,4678,,,,,,,,29345,1.2200,,,,0.0361,0.0361,0.15,5.48,0.0186,8.15,,0.1311,,01_facebook_ads.csv
2024-01-06,Facebook,fb_1004,Video_Views_Campaign,Awareness,fbset_2004,Video_Enthusiasts,69456,245,91.20,5,,47234,,,,,,,,57890,1.2000,,,,0.0035,0.0035,0.37,1.31,0.0204,18.24,,0.6801,,01_facebook_ads.csv
2024-01-06,Google,g_5001,Search_Brand_Terms,Search,gad_6001,Brand_Exact,24234,1267,241.20,47,2350.00,,,,,,,,,,,9.0000,0.9200,,,0.0523,0.19,9.95,0.0371,5.13,9.7430,,,02_google_ads.csv
2024-01-06,Google,g_5003,Shopping_All_Products,Shopping,gad_6003,Best_Sellers,72345,2378,432.90,69,3450.00,,,,,,,,,,,8.0000,0.6700,,,0.0329,0.18,5.98,0.0290,6.27,7.9695,,,02_google_ads.csv
2024-01-06,Google,g_5004,Display_Remarketing,Retargeting,gad_6004,Cart_Abandoners,131234,478,132.40,13,650.00,,,,,,,,,,,7.0000,0.3500,,,0.0036,0.28,1.01,0.0272,10.18,4.9094,,,02_google_ads.csv
2024-01-06,TikTok,tt_8001,Awareness_GenZ,Awareness,ttad_9001,Dance_Challenge,267890,3945,523.40,40,,221234,173456,109234,73567,49234,9789,2634,623,,,,,13046,0.0487,0.0147,0.13,1.95,0.0101,13.08,,0.8258,0.2225,03_tiktok_ads.csv
2024-01-06,TikTok,tt_8003,Traffic_Campaign,Traffic,ttad_9003,Trending_Sounds,205678,3234,387.80,27,,162345,124567,98901,63234,38234,7567,2089,501,,,,,10157,0.0494,0.0157,0.12,1.89,0.0083,14.36,,0.7893,0.2355,03_tiktok_ads.csv
2024-01-06,TikTok,tt_8004,Influencer_Collab,Influencer,ttad_9004,Creator_Partnership,378901,6123,945.60,96,,312345,251234,201234,143456,95234,16567,4823,1312,,,,,22702,0.0599,0.0162,0.15,2.50,0.0157,9.85,,0.8243,0.3049,03_tiktok_ads.csv
2024-01-07,Facebook,fb_1001,Brand_Awareness_Q1,Awareness,fbset_2001,Broad_Audience_18-35,49876,1067,145.90,16,,9567,,,,,,,,41234,1.2100,,,,0.0214,0.0214,0.14,2.93,0.0150,9.12,,0.1918,,01_facebook_ads.csv
2024-01-07,Facebook,fb_1002,Conversions_Retargeting,Retargeting,fbset_2002,Cart_Abandoners,13456,623,237.80,40,,1456,,,,,,,,10567,1.2700,,,,0.0463,0.0463,0.38,17.67,0.0642,5.95,,0.1082,,01_facebook_ads.csv
2024-01-07,Facebook,fb_1003,Traffic_Drive_Jan,Traffic,fbset_2003,Lookalike_Purchasers,37234,1367,207.90,27,,5012,,,,,,,,30678,1.2100,,,,0.0367,0.0367,0.15,5.58,0.0198,7.70,,0.1346,,01_facebook_ads.csv
2024-01-07,Google,g_5001,Search_Brand_Terms,Search,gad_6001,Brand_Exact,26789,1456,278.90,54,2700.00,,,,,,,,,,,9.0000,0.9300,,,0.0544,0.19,10.41,0.0371,5.16,9.6809,,,02_google_ads.csv
2024-01-07,Google,g_5002,Search_Generic_Terms,Search,gad_6002,Product_Broad,44567,878,567.20,22,1100.00,,,,,,,,,,,6.0000,0.4400,,,0.0197,0.65,12.73,0.0251,25.78,1.9394,,,02_google_ads.csv
2024-01-07,Google,g_5003,Shopping_All_Products,Shopping,gad_6003,Best_Sellers,70234,2289,419.50,66,3300.00,,,,,,,,,,,8.0000,0.6600,,,0.0326,0.18,5.97,0.0288,6.36,7.8665,,,02_google_ads.csv
2024-01-07,TikTok,tt_8001,Awareness_GenZ,Awareness,ttad_9001,Dance_Challenge,278901,4123,545.60,42,,229234,179234,112234,75678,50234,10123,2712,645,,,,,13480,0.0483,0.0148,0.13,1.96,0.0102,12.99,,0.8219,0.2191,03_tiktok_ads.csv
2024-01-07,TikTok,tt_8002,Conversion_Focus,Conversion,ttad_9002,Product_Demo,138901,2678,734.50,73,,97890,72345,48901,36789,24890,4901,1356,256,,,,,6513,0.0469,0.0193,0.27,5.29,0.0273,10.06,,0.7047,0.2543,03_tiktok_ads.csv
2024-01-07,TikTok,tt_8003,Traffic_Campaign,Traffic,ttad_9003,Trending_Sounds,212345,3345,401.10,28,,167890,128234,101234,65234,39456,7789,2145,512,,,,,10446,0.0492,0.0158,0.12,1.89,0.0084,14.33,,0.7906,0.2350,03_tiktok_ads.csv
2024-01-08,Facebook,fb_1001,Brand_Awareness_Q1,Awareness,fbset_2001,Broad_Audience_18-35,47234,945,135.40,14,,8789,,,,,,,,39567,1.1900,,,,0.0200,0.0200,0.14,2.87,0.0148,9.67,,0.1861,,01_facebook_ads.csv
2024-01-08,Facebook,fb_1002,Conversions_Retargeting,Retargeting,fbset_2002,Cart_Abandoners,12123,534,212.40,35,,1234,,,,,,,,9567,1.2700,,,,0.0441,0.0440,0.40,17.52,0.0655,6.07,,0.1018,,01_facebook_ads.csv
2024-01-08,Facebook,fb_1004,Video_Views_Campaign,Awareness,fbset_2004,Video_Enthusiasts,73456,267,98.30,7,,50123,,,,,,,,60234,1.2200,,,,0.0036,0.0036,0.37,1.34,0.0262,14.04,,0.6824,,01_facebook_ads.csv
2024-01-08,Google,g_5001,Search_Brand_Terms,Search,gad_6001,Brand_Exact,22567,1134,216.80,43,2150.00,,,,,,,,,,,9.0000,0.9100,,,0.0503,0.19,9.61,0.0379,5.04,9.9170,,,02_google_ads.csv
2024-01-08,Google,g_5002,Search_Generic_Terms,Search,gad_6002,Product_Broad,48234,989,634.70,26,1300.00,,,,,,,,,,,7.0000,0.4600,,,0.0205,0.64,13.16,0.0263,24.41,2.0482,,,02_google_ads.csv
2024-01-08,Google,g_5004,Display_Remarketing,Retargeting,gad_6004,Cart_Abandoners,125678,445,121.30,11,550.00,,,,,,,,,,,7.0000,0.3400,,,0.0035,0.27,0.97,0.0247,11.03,4.5342,,,02_google_ads.csv
2024-01-08,TikTok,tt_8001,Awareness_GenZ,Awareness,ttad_9001,Dance_Challenge,245234,3578,474.30,37,,203456,158901,99567,68234,45789,8978,2389,590,,,,,11957,0.0488,0.0146,0.13,1.93,0.0103,12.82,,0.8296,0.2251,03_tiktok_ads.csv
2024-01-08,TikTok,tt_8002,Conversion_Focus,Conversion,ttad_9002,Product_Demo,119234,2234,645.60,64,,85678,63456,42345,32234,22234,4345,1189,223,,,,,5757,0.0483,0.0187,0.29,5.41,0.0286,10.09,,0.7186,0.2595,03_tiktok_ads.csv
2024-01-08,TikTok,tt_8004,Influencer_Collab,Influencer,ttad_9004,Creator_Partnership,389012,6234,967.80,98,,321234,258901,207890,147234,97456,16901,4912,1345,,,,,23158,0.0595,0.0160,0.16,2.49,0.0157,9.88,,0.8258,0.3034,03_tiktok_ads.csv
2024-01-09,Facebook,fb_1001,Brand_Awareness_Q1,Awareness,fbset_2001,Broad_Audience_18-35,50123,1012,141.70,15,,9345,,,,,,,,41890,1.2000,,,,0.0202,0.0202,0.14,2.83,0.0148,9.45,,0.1864,,01_facebook_ads.csv
2024-01-09,Facebook,fb_1003,Traffic_Drive_Jan,Traffic,fbset_2003,Lookalike_Purchasers,36456,1312,199.80,26,,4823,,,,,,,,30234,1.2100,,,,0.0360,0.0360,0.15,5.48,0.0198,7.68,,0.1323,,01_facebook_ads.csv
2024-01-09,Facebook,fb_1004,Video_Views_Campaign,Awareness,fbset_2004,Video_Enthusiasts,70123,253,93.60,6,,48234,,,,,,,,58456,1.2000,,,,0.0036,0.0036,0.37,1.33,0.0237,15.60,,0.6878,,01_facebook_ads.csv
2024-01-09,Google,g_5001,Search_Brand_Terms,Search,gad_6001,Brand_Exact,25234,1312,250.30,49,2450.00,,,,,,,,,,,9.0000,0.9200,,,0.0520,0.19,9.92,0.0373,5.11,9.7883,,,02_google_ads.csv
2024-01-09,Google,g_5003,Shopping_All_Products,Shopping,gad_6003,Best_Sellers,73456,2423,441.80,70,3500.00,,,,,,,,,,,8.0000,0.6800,,,0.0330,0.18,6.01,0.0289,6.31,7.9221,,,02_google_ads.csv
2024-01-09,Google,g_5004,Display_Remarketing,Retargeting,gad_6004,Cart_Abandoners,129345,456,125.60,12,600.00,,,,,,,,,,,7.0000,0.3500,,,0.0035,0.28,0.97,0.0263,10.47,4.7771,,,02_google_ads.csv
2024-01-09,TikTok,tt_8001,Awareness_GenZ,Awareness,ttad_9001,Dance_Challenge,289012,4234,556.70,43,,234567,182345,114567,77234,51234,10345,2789,656,,,,,13790,0.0477,0.0146,0.13,1.93,0.0102,12.95,,0.8116,0.2184,03_tiktok_ads.csv
2024-01-09,TikTok,tt_8003,Traffic_Campaign,Traffic,ttad_9003,Trending_Sounds,218901,3456,414.40,29,,173456,131567,103567,67234,40567,8012,2201,523,,,,,10736,0.0490,0.0158,0.12,1.89,0.0084,14.29,,0.7924,0.2339,03_tiktok_ads.csv
2024-01-09,TikTok,tt_8004,Influencer_Collab,Influencer,ttad_9004,Creator_Partnership,401234,6456,989.90,101,,332345,267890,214567,151234,99567,17234,5012,1378,,,,,23624,0.0589,0.0161,0.15,2.47,0.0156,9.80,,0.8283,0.2996,03_tiktok_ads.csv
2024-01-10,Facebook,fb_1001,Brand_Awareness_Q1,Awareness,fbset_2001,Broad_Audience_18-35,48567,978,137.80,14,,8945,,,,,,,,40456,1.2000,,,,0.0201,0.0201,0.14,2.84,0.0143,9.84,,0.1842,,01_facebook_ads.csv
2024-01-10,Facebook,fb_1002,Conversions_Retargeting,Retargeting,fbset_2002,Cart_Abandoners,13789,645,241.20,41,,1489,,,,,,,,10789,1.2800,,,,0.0468,0.0468,0.37,17.49,0.0636,5.88,,0.1080,,01_facebook_ads.csv
2024-01-10,Facebook,fb_1003,Traffic_Drive_Jan,Traffic,fbset_2003,Lookalike_Purchasers,38456,1423,217.50,29,,5123,,,,,,,,31234,1.2300,,,,0.0370,0.0370,0.15,5.66,0.0204,7.50,,0.1332,,01_facebook_ads.csv
2024-01-10,Google,g_5001,Search_Brand_Terms,Search,gad_6001,Brand_Exact,24678,1289,245.90,48,2400.00,,,,,,,,,,,9.0000,0.9100,,,0.0522,0.19,9.96,0.0372,5.12,9.7601,,,02_google_ads.csv
2024-01-10,Google,g_5002,Search_Generic_Terms,Search,gad_6002,Product_Broad,45234,901,578.90,23,1150.00,,,,,,,,,,,7.0000,0.4500,,,0.0199,0.64,12.80,0.0255,25.17,1.9865,,,02_google_ads.csv
2024-01-10,Google,g_5003,Shopping_All_Products,Shopping,gad_6003,Best_Sellers,68901,2267,414.20,64,3200.00,,,,,,,,,,,8.0000,0.6700,,,0.0329,0.18,6.01,0.0282,6.47,7.7257,,,02_google_ads.csv
2024-01-10,TikTok,tt_8001,Awareness_GenZ,Awareness,ttad_9001,Dance_Challenge,256234,3701,490.50,38,,209234,163567,102567,69567,46567,9123,2423,601,,,,,12147,0.0474,0.0144,0.13,1.91,0.0103,12.91,,0.8166,0.2226,03_tiktok_ads.csv
2024-01-10,TikTok,tt_8002,Conversion_Focus,Conversion,ttad_9002,Product_Demo,145678,2789,756.70,76,,101234,74567,50234,37890,25234,5012,1423,267,,,,,6702,0.0460,0.0191,0.27,5.19,0.0272,9.96,,0.6949,0.2493,03_tiktok_ads.csv
2024-01-10,TikTok,tt_8003,Traffic_Campaign,Traffic,ttad_9003,Trending_Sounds,223456,3567,427.70,30,,178901,135234,106789,69234,41789,8234,2267,534,,,,,11035,0.0494,0.0160,0.12,1.91,0.0084,14.26,,0.8006,0.2336,03_tiktok_ads.csv
2024-01-11,Facebook,fb_1001,Brand_Awareness_Q1,Awareness,fbset_2001,Broad_Audience_18-35,52123,1089,148.60,17,,9567,,,,,,,,43234,1.2100,,,,0.0209,0.0209,0.14,2.85,0.0156,8.74,,0.1835,,01_facebook_ads.csv
2024-01-11,Facebook,fb_1002,Conversions_Retargeting,Retargeting,fbset_2002,Cart_Abandoners,14567,723,256.40,44,,1612,,,,,,,,11456,1.2700,,,,0.0496,0.0496,0.35,17.60,0.0609,5.83,,0.1107,,01_facebook_ads.csv
2024-01-11,Facebook,fb_1003,Traffic_Drive_Jan,Traffic,fbset_2003,Lookalike_Purchasers,39789,1534,225.80,31,,5456,,,,,,,,32567,1.2200,,,,0.0386,0.0386,0.15,5.67,0.0202,7.28,,0.1371,,01_facebook_ads.csv
2024-01-11,Facebook,fb_1004,Video_Views_Campaign,Awareness,fbset_2004,Video_Enthusiasts,76234,278,101.50,8,,52345,,,,,,,,62456,1.2200,,,,0.0037,0.0036,0.37,1.33,0.0288,12.69,,0.6866,,01_facebook_ads.csv
2024-01-11,Google,g_5001,Search_Brand_Terms,Search,gad_6001,Brand_Exact,26234,1378,263.40,52,2600.00,,,,,,,,,,,9.0000,0.9200,,,0.0525,0.19,10.04,0.0377,5.07,9.8709,,,02_google_ads.csv
2024-01-11,Google,g_5002,Search_Generic_Terms,Search,gad_6002,Product_Broad,47890,934,612.50,26,1300.00,,,,,,,,,,,7.0000,0.4600,,,0.0195,0.66,12.79,0.0278,23.56,2.1224,,,02_google_ads.csv
2024-01-11,Google,g_5003,Shopping_All_Products,Shopping,gad_6003,Best_Sellers,71234,2456,445.80,71,3550.00,,,,,,,,,,,8.0000,0.6800,,,0.0345,0.18,6.26,0.0289,6.28,7.9632,,,02_google_ads.csv
2024-01-11,Google,g_5004,Display_Remarketing,Retargeting,gad_6004,Cart_Abandoners,136789,512,142.30,15,750.00,,,,,,,,,,,7.0000,0.3600,,,0.0037,0.28,1.04,0.0293,9.49,5.2706,,,02_google_ads.csv
2024-01-11,TikTok,tt_8001,Awareness_GenZ,Awareness,ttad_9001,Dance_Challenge,278901,4123,523.60,42,,234567,182345,114567,77234,51234,10345,2789,656,,,,,13790,0.0494,0.0148,0.13,1.88,0.0102,12.47,,0.8410,0.2184,03_tiktok_ads.csv
2024-01-11,TikTok,tt_8002,Conversion_Focus,Conversion,ttad_9002,Product_Demo,156789,3012,812.30,82,,109876,81234,54678,41234,27567,5456,1567,289,,,,,7312,0.0466,0.0192,0.27,5.18,0.0272,9.91,,0.7008,0.2509,03_tiktok_ads.csv
2024-01-11,TikTok,tt_8003,Traffic_Campaign,Traffic,ttad_9003,Trending_Sounds,234567,3789,456.80,33,,189234,143567,113456,73456,44567,8789,2434,567,,,,,11790,0.0503,0.0162,0.12,1.95,0.0087,13.84,,0.8067,0.2355,03_tiktok_ads.csv
2024-01-11,TikTok,tt_8004,Influencer_Collab,Influencer,ttad_9004,Creator_Partnership,412345,6789,1023.40,103,,345678,278901,223456,159234,105678,18234,5234,1456,,,,,24924,0.0604,0.0165,0.15,2.48,0.0152,9.94,,0.8383,0.3057,03_tiktok_ads.csv
2024-01-12,Facebook,fb_1001,Brand_Awareness_Q1,Awareness,fbset_2001,Broad_Audience_18-35,49234,1012,140.30,15,,9123,,,,,,,,41567,1.1800,,,,0.0206,0.0206,0.14,2.85,0.0148,9.35,,0.1853,,01_facebook_ads.csv
2024-01-12,Facebook,fb_1002,Conversions_Retargeting,Retargeting,fbset_2002,Cart_Abandoners,13456,634,239.70,39,,1378,,,,,,,,10567,1.2700,,,,0.0471,0.0471,0.38,17.81,0.0615,6.15,,0.1024,,01_facebook_ads.csv
2024-01-12,Facebook,fb_1003,Traffic_Drive_Jan,Traffic,fbset_2003,Lookalike_Purchasers,37890,1398,212.40,28,,5012,,,,,,,,30890,1.2300,,,,0.0369,0.0369,0.15,5.61,0.0200,7.59,,0.1323,,01_facebook_ads.csv
2024-01-12,Facebook,fb_1004,Video_Views_Campaign,Awareness,fbset_2004,Video_Enthusiasts,72890,261,96.80,7,,49567,,,,,,,,59123,1.2300,,,,0.0036,0.0036,0.37,1.33,0.0268,13.83,,0.6800,,01_facebook_ads.csv
2024-01-12,Google,g_5001,Search_Brand_Terms,Search,gad_6001,Brand_Exact,25123,1312,250.40,49,2450.00,,,,,,,,,,,9.0000,0.9100,,,0.0522,0.19,9.97,0.0373,5.11,9.7843,,,02_google_ads.csv
2024-01-12,Google,g_5002,Search_Generic_Terms,Search,gad_6002,Product_Broad,46567,912,596.70,24,1200.00,,,,,,,,,,,7.0000,0.4500,,,0.0196,0.65,12.81,0.0263,24.86,2.0111,,,02_google_ads.csv
2024-01-12,Google,g_5003,Shopping_All_Products,Shopping,gad_6003,Best_Sellers,69890,2334,428.90,66,3300.00,,,,,,,,,,,8.0000,0.6700,,,0.0334,0.18,6.14,0.0283,6.50,7.6941,,,02_google_ads.csv
2024-01-12,Google,g_5004,Display_Remarketing,Retargeting,gad_6004,Cart_Abandoners,133456,489,131.20,14,700.00,,,,,,,,,,,7.0000,0.3500,,,0.0037,0.27,0.98,0.0286,9.37,5.3354,,,02_google_ads.csv
2024-01-12,TikTok,tt_8001,Awareness_GenZ,Awareness,ttad_9001,Dance_Challenge,267890,3945,501.20,40,,221234,173456,109234,73567,49234,9789,2634,623,,,,,13046,0.0487,0.0147,0.13,1.87,0.0101,12.53,,0.8258,0.2225,03_tiktok_ads.csv
2024-01-12,TikTok,tt_8002,Conversion_Focus,Conversion,ttad_9002,Product_Demo,148901,2834,767.50,77,,103456,76234,51234,38567,25789,5123,1456,278,,,,,6857,0.0461,0.0190,0.27,5.15,0.0272,9.97,,0.6948,0.2493,03_tiktok_ads.csv
2024-01-12,TikTok,tt_8003,Traffic_Campaign,Traffic,ttad_9003,Trending_Sounds,228901,3634,441.90,31,,182345,137890,108901,70567,42789,8456,2301,545,,,,,11302,0.0494,0.0159,0.12,1.93,0.0085,14.25,,0.7966,0.2347,03_tiktok_ads.csv
2024-01-12,TikTok,tt_8004,Influencer_Collab,Influencer,ttad_9004,Creator_Partnership,398567,6534,998.70,98,,332345,267890,214567,151234,99567,17756,5012,1389,,,,,24157,0.0606,0.0164,0.15,2.51,0.0150,10.19,,0.8338,0.2996,03_tiktok_ads.csv
2024-01-13,Facebook,fb_1001,Brand_Awareness_Q1,Awareness,fbset_2001,Broad_Audience_18-35,42345,856,121.50,12,,7890,,,,,,,,35678,1.1900,,,,0.0202,0.0202,0.14,2.87,0.0140,10.12,,0.1863,,01_facebook_ads.csv
2024-01-13,Facebook,fb_1002,Conversions_Retargeting,Retargeting,fbset_2002,Cart_Abandoners,11234,523,198.60,32,,1123,,,,,,,,8901,1.2700,,,,0.0466,0.0466,0.38,17.68,0.0612,6.21,,0.1000,,01_facebook_ads.csv
2024-01-13,Facebook,fb_1003,Traffic_Drive_Jan,Traffic,fbset_2003,Lookalike_Purchasers,33456,1203,185.30,23,,4234,,,,,,,,27890,1.2000,,,,0.0360,0.0360,0.15,5.54,0.0191,8.06,,0.1266,,01_facebook_ads.csv
2024-01-13,Facebook,fb_1004,Video_Views_Campaign,Awareness,fbset_2004,Video_Enthusiasts,64567,238,83.40,5,,43234,,,,,,,,52890,1.2200,,,,0.0037,0.0037,0.35,1.29,0.0210,16.68,,0.6696,,01_facebook_ads.csv
2024-01-13,Google,g_5001,Search_Brand_Terms,Search,gad_6001,Brand_Exact,22456,1156,220.40,43,2150.00,,,,,,,,,,,9.0000,0.9000,,,0.0515,0.19,9.81,0.0372,5.13,9.7550,,,02_google_ads.csv
2024-01-13,Google,g_5002,Search_Generic_Terms,Search,gad_6002,Product_Broad,41234,823,528.90,21,1050.00,,,,,,,,,,,6.0000,0.4300,,,0.0200,0.64,12.83,0.0255,25.19,1.9853,,,02_google_ads.csv
2024-01-13,Google,g_5003,Shopping_All_Products,Shopping,gad_6003,Best_Sellers,63456,2089,382.60,60,3000.00,,,,,,,,,,,8.0000,0.6500,,,0.0329,0.18,6.03,0.0287,6.38,7.8411,,,02_google_ads.csv
2024-01-13,Google,g_5004,Display_Remarketing,Retargeting,gad_6004,Cart_Abandoners,119234,434,116.80,12,600.00,,,,,,,,,,,7.0000,0.3300,,,0.0036,0.27,0.98,0.0276,9.73,5.1370,,,02_google_ads.csv
2024-01-13,TikTok,tt_8001,Awareness_GenZ,Awareness,ttad_9001,Dance_Challenge,234567,3456,456.70,34,,198234,156234,98234,67234,45234,8923,2345,567,,,,,11835,0.0505,0.0147,0.13,1.95,0.0098,13.43,,0.8451,0.2282,03_tiktok_ads.csv
2024-01-13,TikTok,tt_8002,Conversion_Focus,Conversion,ttad_9002,Product_Demo,134567,2567,712.30,71,,95678,71234,48234,36234,24567,4789,1345,245,,,,,6379,0.0474,0.0191,0.28,5.29,0.0277,10.03,,0.7110,0.2568,03_tiktok_ads.csv
2024-01-13,TikTok,tt_8003,Traffic_Campaign,Traffic,ttad_9003,Trending_Sounds,201234,3123,374.50,26,,157890,121234,96234,61234,37456,7345,2034,489,,,,,9868,0.0490,0.0155,0.12,1.86,0.0083,14.40,,0.7846,0.2372,03_tiktok_ads.csv
2024-01-13,TikTok,tt_8004,Influencer_Collab,Influencer,ttad_9004,Creator_Partnership,367890,6012,923.40,94,,301234,245678,196789,140234,93456,16234,4789,1289,,,,,22312,0.0606,0.0163,0.15,2.51,0.0156,9.82,,0.8188,0.3102,03_tiktok_ads.csv
2024-01-14,Facebook,fb_1001,Brand_Awareness_Q1,Awareness,fbset_2001,Broad_Audience_18-35,40123,798,114.70,11,,7345,,,,,,,,33456,1.2000,,,,0.0199,0.0199,0.14,2.86,0.0138,10.43,,0.1831,,01_facebook_ads.csv
2024-01-14,Facebook,fb_1002,Conversions_Retargeting,Retargeting,fbset_2002,Cart_Abandoners,10567,489,185.90,29,,998,,,,,,,,8234,1.2800,,,,0.0463,0.0463,0.38,17.59,0.0593,6.41,,0.0944,,01_facebook_ads.csv
2024-01-14,Facebook,fb_1003,Traffic_Drive_Jan,Traffic,fbset_2003,Lookalike_Purchasers,31234,1123,173.80,21,,3890,,,,,,,,26123,1.2000,,,,0.0360,0.0360,0.15,5.56,0.0187,8.28,,0.1245,,01_facebook_ads.csv
2024-01-14,Facebook,fb_1004,Video_Views_Campaign,Awareness,fbset_2004,Video_Enthusiasts,61234,223,78.90,4,,40567,,,,,,,,50123,1.2200,,,,0.0036,0.0036,0.35,1.29,0.0179,19.73,,0.6625,,01_facebook_ads.csv
2024-01-14,Google,g_5001,Search_Brand_Terms,Search,gad_6001,Brand_Exact,21234,1089,207.80,41,2050.00,,,,,,,,,,,9.0000,0.8900,,,0.0513,0.19,9.79,0.0376,5.07,9.8653,,,02_google_ads.csv
2024-01-14,Google,g_5002,Search_Generic_Terms,Search,gad_6002,Product_Broad,39567,789,507.40,19,950.00,,,,,,,,,,,6.0000,0.4200,,,0.0199,0.64,12.82,0.0241,26.71,1.8723,,,02_google_ads.csv
2024-01-14,Google,g_5003,Shopping_All_Products,Shopping,gad_6003,Best_Sellers,61890,2012,369.30,58,2900.00,,,,,,,,,,,8.0000,0.6400,,,0.0325,0.18,5.97,0.0288,6.37,7.8527,,,02_google_ads.csv
2024-01-14,Google,g_5004,Display_Remarketing,Retargeting,gad_6004,Cart_Abandoners,115678,412,113.40,11,550.00,,,,,,,,,,,7.0000,0.3200,,,0.0036,0.28,0.98,0.0267,10.31,4.8501,,,02_google_ads.csv
2024-01-14,TikTok,tt_8001,Awareness_GenZ,Awareness,ttad_9001,Dance_Challenge,223456,3234,434.50,32,,189234,148234,93234,63456,43234,8567,2234,534,,,,,11335,0.0507,0.0145,0.13,1.94,0.0099,13.58,,0.8469,0.2285,03_tiktok_ads.csv
2024-01-14,TikTok,tt_8002,Conversion_Focus,Conversion,ttad_9002,Product_Demo,128901,2456,689.50,68,,91234,68234,45789,34567,23678,4678,1267,237,,,,,6182,0.0480,0.0191,0.28,5.35,0.0277,10.14,,0.7078,0.2595,03_tiktok_ads.csv
2024-01-14,TikTok,tt_8003,Traffic_Campaign,Traffic,ttad_9003,Trending_Sounds,195678,2989,361.20,25,,152345,117234,93234,59234,36234,7123,1967,478,,,,,9568,0.0489,0.0153,0.12,1.85,0.0084,14.45,,0.7785,0.2378,03_tiktok_ads.csv
2024-01-14,TikTok,tt_8004,Influencer_Collab,Influencer,ttad_9004,Creator_Partnership,356789,5834,901.20,91,,293456,239234,191234,136234,90234,15890,4634,1256,,,,,21780,0.0610,0.0164,0.15,2.53,0.0156,9.90,,0.8225,0.3075,03_tiktok_ads.csv
2024-01-15,Facebook,fb_1001,Brand_Awareness_Q1,Awareness,fbset_2001,Broad_Audience_18-35,46789,934,132.40,14,,8567,,,,,,,,39234,1.1900,,,,0.0200,0.0200,0.14,2.83,0.0150,9.46,,0.1831,,01_facebook_ads.csv
2024-01-15,Facebook,fb_1002,Conversions_Retargeting,Retargeting,fbset_2002,Cart_Abandoners,12890,567,221.30,37,,1345,,,,,,,,10123,1.2700,,,,0.0440,0.0440,0.39,17.17,0.0653,5.98,,0.1043,,01_facebook_ads.csv
2024-01-15,Facebook,fb_1003,Traffic_Drive_Jan,Traffic,fbset_2003,Lookalike_Purchasers,35678,1289,196.60,25,,4678,,,,,,,,29345,1.2200,,,,0.0361,0.0361,0.15,5.51,0.0194,7.86,,0.1311,,01_facebook_ads.csv
2024-01-15,Facebook,fb_1004,Video_Views_Campaign,Awareness,fbset_2004,Video_Enthusiasts,68456,248,87.60,6,,46234,,,,,,,,56789,1.2100,,,,0.0036,0.0036,0.35,1.28,0.0242,14.60,,0.6754,,01_facebook_ads.csv
2024-01-15,Google,g_5001,Search_Brand_Terms,Search,gad_6001,Brand_Exact,23890,1234,235.60,46,2300.00,,,,,,,,,,,9.0000,0.9100,,,0.0517,0.19,9.86,0.0373,5.12,9.7623,,,02_google_ads.csv
2024-01-15,Google,g_5002,Search_Generic_Terms,Search,gad_6002,Product_Broad,43789,856,560.90,22,1100.00,,,,,,,,,,,7.0000,0.4400,,,0.0195,0.66,12.81,0.0257,25.50,1.9611,,,02_google_ads.csv
2024-01-15,Google,g_5003,Shopping_All_Products,Shopping,gad_6003,Best_Sellers,67234,2234,411.70,65,3250.00,,,,,,,,,,,8.0000,0.6600,,,0.0332,0.18,6.12,0.0291,6.33,7.8941,,,02_google_ads.csv
2024-01-15,Google,g_5004,Display_Remarketing,Retargeting,gad_6004,Cart_Abandoners,128901,467,126.70,13,650.00,,,,,,,,,,,7.0000,0.3400,,,0.0036,0.27,0.98,0.0278,9.75,5.1302,,,02_google_ads.csv
2024-01-15,TikTok,tt_8001,Awareness_GenZ,Awareness,ttad_9001,Dance_Challenge,246789,3678,478.90,36,,207345,163456,102345,70234,47234,9234,2456,589,,,,,12279,0.0498,0.0149,0.13,1.94,0.0098,13.30,,0.8402,0.2278,03_tiktok_ads.csv
2024-01-15,TikTok,tt_8002,Conversion_Focus,Conversion,ttad_9002,Product_Demo,142345,2678,734.50,73,,97890,72345,48901,36789,24890,4901,1356,256,,,,,6513,0.0458,0.0188,0.27,5.16,0.0273,10.06,,0.6877,0.2543,03_tiktok_ads.csv
2024-01-15,TikTok,tt_8003,Traffic_Campaign,Traffic,ttad_9003,Trending_Sounds,212345,3345,401.10,28,,167890,128234,101234,65234,39456,7789,2145,512,,,,,10446,0.0492,0.0158,0.12,1.89,0.0084,14.33,,0.7906,0.2350,03_tiktok_ads.csv
2024-01-15,TikTok,tt_8004,Influencer_Collab,Influencer,ttad_9004,Creator_Partnership,378901,6123,945.60,96,,312345,251234,201234,143456,95234,16567,4823,1312,,,,,22702,0.0599,0.0162,0.15,2.50,0.0157,9.85,,0.8243,0.3049,03_tiktok_ads.csv
2024-01-16,Facebook,fb_1001,Brand_Awareness_Q1,Awareness,fbset_2001,Broad_Audience_18-35,50234,1023,143.80,16,,9234,,,,,,,,42345,1.1900,,,,0.0204,0.0204,0.14,2.86,0.0156,8.99,,0.1838,,01_facebook_ads.csv
2024-01-16,Facebook,fb_1002,Conversions_Retargeting,Retargeting,fbset_2002,Cart_Abandoners,14234,678,248.50,42,,1567,,,,,,,,11234,1.2700,,,,0.0477,0.0476,0.37,17.46,0.0619,5.92,,0.1101,,01_facebook_ads.csv
2024-01-16,Facebook,fb_1003,Traffic_Drive_Jan,Traffic,fbset_2003,Lookalike_Purchasers,38456,1423,218.70,30,,5123,,,,,,,,31234,1.2300,,,,0.0370,0.0370,0.15,5.69,0.0211,7.29,,0.1332,,01_facebook_ads.csv
2024-01-16,Facebook,fb_1004,Video_Views_Campaign,Awareness,fbset_2004,Video_Enthusiasts,73456,267,94.20,7,,49890,,,,,,,,59567,1.2400,,,,0.0036,0.0036,0.35,1.28,0.0262,13.46,,0.6792,,01_facebook_ads.csv
2024-01-16,Google,g_5001,Search_Brand_Terms,Search,gad_6001,Brand_Exact,25456,1345,257.30,51,2550.00,,,,,,,,,,,9.0000,0.9200,,,0.0528,0.19,10.11,0.0379,5.05,9.9106,,,02_google_ads.csv
2024-01-16,Google,g_5002,Search_Generic_Terms,Search,gad_6002,Product_Broad,45678,901,584.50,24,1200.00,,,,,,,,,,,7.0000,0.4500,,,0.0197,0.65,12.80,0.0266,24.35,2.0530,,,02_google_ads.csv
2024-01-16,Google,g_5003,Shopping_All_Products,Shopping,gad_6003,Best_Sellers,70123,2378,435.80,69,3450.00,,,,,,,,,,,8.0000,0.6700,,,0.0339,0.18,6.21,0.0290,6.32,7.9165,,,02_google_ads.csv
2024-01-16,Google,g_5004,Display_Remarketing,Retargeting,gad_6004,Cart_Abandoners,132567,489,130.50,14,700.00,,,,,,,,,,,7.0000,0.3500,,,0.0037,0.27,0.98,0.0286,9.32,5.3640,,,02_google_ads.csv
2024-01-16,TikTok,tt_8001,Awareness_GenZ,Awareness,ttad_9001,Dance_Challenge,289012,4234,556.70,43,,234567,182345,114567,77234,51234,10345,2789,656,,,,,13790,0.0477,0.0146,0.13,1.93,0.0102,12.95,,0.8116,0.2184,03_tiktok_ads.csv
2024-01-16,TikTok,tt_8002,Conversion_Focus,Conversion,ttad_9002,Product_Demo,156789,3012,812.30,82,,109876,81234,54678,41234,27567,5456,1567,289,,,,,7312,0.0466,0.0192,0.27,5.18,0.0272,9.91,,0.7008,0.2509,03_tiktok_ads.csv
2024-01-16,TikTok,tt_8003,Traffic_Campaign,Traffic,ttad_9003,Trending_Sounds,245678,3890,467.80,34,,195678,148234,117234,75234,45789,8567,2345,567,,,,,11479,0.0467,0.0158,0.12,1.90,0.0087,13.76,,0.7965,0.2340,03_tiktok_ads.csv
2024-01-16,TikTok,tt_8004,Influencer_Collab,Influencer,ttad_9004,Creator_Partnership,423456,6890,1056.80,107,,356789,289234,231456,164567,109234,18890,5456,1489,,,,,25835,0.0610,0.0163,0.15,2.50,0.0155,9.88,,0.8426,0.3062,03_tiktok_ads.csv
2024-01-17,Facebook,fb_1001,Brand_Awareness_Q1,Awareness,fbset_2001,Broad_Audience_18-35,51789,1089,152.30,18,,9567,,,,,,,,43567,1.1900,,,,0.0210,0.0210,0.14,2.94,0.0165,8.46,,0.1847,,01_facebook_ads.csv
2024-01-17,Facebook,fb_1002,Conversions_Retargeting,Retargeting,fbset_2002,Cart_Abandoners,15234,734,264.70,46,,1678,,,,,,,,12123,1.2600,,,,0.0482,0.0482,0.36,17.38,0.0627,5.75,,0.1101,,01_facebook_ads.csv
2024-01-17,Facebook,fb_1003,Traffic_Drive_Jan,Traffic,fbset_2003,Lookalike_Purchasers,40123,1534,232.80,33,,5456,,,,,,,,32890,1.2200,,,,0.0382,0.0382,0.15,5.80,0.0215,7.05,,0.1360,,01_facebook_ads.csv
2024-01-17,Facebook,fb_1004,Video_Views_Campaign,Awareness,fbset_2004,Video_Enthusiasts,75890,278,98.50,8,,51234,,,,,,,,61567,1.2300,,,,0.0037,0.0037,0.35,1.30,0.0288,12.31,,0.6751,,01_facebook_ads.csv
2024-01-17,Google,g_5001,Search_Brand_Terms,Search,gad_6001,Brand_Exact,26789,1456,278.90,54,2700.00,,,,,,,,,,,9.0000,0.9300,,,0.0544,0.19,10.41,0.0371,5.16,9.6809,,,02_google_ads.csv
2024-01-17,Google,g_5002,Search_Generic_Terms,Search,gad_6002,Product_Broad,47234,967,605.60,25,1250.00,,,,,,,,,,,7.0000,0.4600,,,0.0205,0.63,12.82,0.0259,24.22,2.0641,,,02_google_ads.csv
2024-01-17,Google,g_5003,Shopping_All_Products,Shopping,gad_6003,Best_Sellers,72456,2489,450.70,72,3600.00,,,,,,,,,,,8.0000,0.6800,,,0.0344,0.18,6.22,0.0289,6.26,7.9876,,,02_google_ads.csv
2024-01-17,Google,g_5004,Display_Remarketing,Retargeting,gad_6004,Cart_Abandoners,138901,534,136.40,15,750.00,,,,,,,,,,,7.0000,0.3600,,,0.0038,0.26,0.98,0.0281,9.09,5.4985,,,02_google_ads.csv
2024-01-17,TikTok,tt_8001,Awareness_GenZ,Awareness,ttad_9001,Dance_Challenge,301234,4456,589.90,46,,245678,191234,119234,80234,53456,10789,2901,689,,,,,14379,0.0477,0.0148,0.13,1.96,0.0103,12.82,,0.8156,0.2176,03_tiktok_ads.csv
2024-01-17,TikTok,tt_8002,Conversion_Focus,Conversion,ttad_9002,Product_Demo,167890,3234,845.60,85,,117890,87234,58901,44234,29567,5678,1634,312,,,,,7624,0.0454,0.0193,0.26,5.04,0.0263,9.95,,0.7022,0.2508,03_tiktok_ads.csv
2024-01-17,TikTok,tt_8003,Traffic_Campaign,Traffic,ttad_9003,Trending_Sounds,256789,4012,489.20,36,,201234,152345,120456,77890,47234,8901,2456,589,,,,,11946,0.0465,0.0156,0.12,1.91,0.0090,13.59,,0.7837,0.2347,03_tiktok_ads.csv
2024-01-17,TikTok,tt_8004,Influencer_Collab,Influencer,ttad_9004,Creator_Partnership,445678,7234,1123.50,113,,378901,304567,243456,172345,114567,19567,5678,1567,,,,,26812,0.0602,0.0162,0.16,2.52,0.0156,9.94,,0.8502,0.3024,03_tiktok_ads.csv
2024-01-18,Facebook,fb_1001,Brand_Awareness_Q1,Awareness,fbset_2001,Broad_Audience_18-35,49567,1012,144.60,16,,9123,,,,,,,,41890,1.1800,,,,0.0204,0.0204,0.14,2.92,0.0158,9.04,,0.1841,,01_facebook_ads.csv
2024-01-18,Facebook,fb_1002,Conversions_Retargeting,Retargeting,fbset_2002,Cart_Abandoners,14567,689,253.40,43,,1489,,,,,,,,11567,1.2600,,,,0.0473,0.0473,0.37,17.40,0.0624,5.89,,0.1022,,01_facebook_ads.csv
2024-01-18,Facebook,fb_1003,Traffic_Drive_Jan,Traffic,fbset_2003,Lookalike_Purchasers,38901,1456,224.50,31,,5234,,,,,,,,31456,1.2400,,,,0.0374,0.0374,0.15,5.77,0.0213,7.24,,0.1345,,01_facebook_ads.csv
2024-01-18,Facebook,fb_1004,Video_Views_Campaign,Awareness,fbset_2004,Video_Enthusiasts,72345,261,92.70,7,,48567,,,,,,,,58234,1.2400,,,,0.0036,0.0036,0.36,1.28,0.0268,13.24,,0.6713,,01_facebook_ads.csv
2024-01-18,Google,g_5001,Search_Brand_Terms,Search,gad_6001,Brand_Exact,25789,1389,265.20,52,2600.00,,,,,,,,,,,9.0000,0.9200,,,0.0539,0.19,10.28,0.0374,5.10,9.8039,,,02_google_ads.csv
2024-01-18,Google,g_5002,Search_Generic_Terms,Search,gad_6002,Product_Broad,46123,923,590.30,24,1200.00,,,,,,,,,,,7.0000,0.4500,,,0.0200,0.64,12.80,0.0260,24.60,2.0329,,,02_google_ads.csv
2024-01-18,Google,g_5003,Shopping_All_Products,Shopping,gad_6003,Best_Sellers,71567,2412,442.30,70,3500.00,,,,,,,,,,,8.0000,0.6800,,,0.0337,0.18,6.18,0.0290,6.32,7.9132,,,02_google_ads.csv
2024-01-18,Google,g_5004,Display_Remarketing,Retargeting,gad_6004,Cart_Abandoners,135234,501,133.60,14,700.00,,,,,,,,,,,7.0000,0.3500,,,0.0037,0.27,0.99,0.0279,9.54,5.2395,,,02_google_ads.csv
2024-01-18,TikTok,tt_8001,Awareness_GenZ,Awareness,ttad_9001,Dance_Challenge,290123,4189,567.80,44,,236789,184567,115678,78234,52345,10456,2812,678,,,,,13946,0.0481,0.0144,0.14,1.96,0.0105,12.90,,0.8162,0.2211,03_tiktok_ads.csv
2024-01-18,TikTok,tt_8002,Conversion_Focus,Conversion,ttad_9002,Product_Demo,161234,3089,823.70,83,,113456,83567,56234,42345,28234,5523,1589,301,,,,,7413,0.0460,0.0192,0.27,5.11,0.0269,9.92,,0.7037,0.2489,03_tiktok_ads.csv
2024-01-18,TikTok,tt_8003,Traffic_Campaign,Traffic,ttad_9003,Trending_Sounds,248901,3934,478.50,35,,195234,148901,117890,76234,46234,8734,2401,578,,,,,11713,0.0471,0.0158,0.12,1.92,0.0089,13.67,,0.7844,0.2368,03_tiktok_ads.csv
2024-01-18,TikTok,tt_8004,Influencer_Collab,Influencer,ttad_9004,Creator_Partnership,434567,7012,1089.30,109,,367890,296234,237890,168234,111234,19234,5534,1523,,,,,26291,0.0605,0.0161,0.16,2.51,0.0155,9.99,,0.8466,0.3024,03_tiktok_ads.csv
2024-01-19,Facebook,fb_1001,Brand_Awareness_Q1,Awareness,fbset_2001,Broad_Audience_18-35,47890,967,138.40,15,,8789,,,,,,,,40234,1.1900,,,,0.0202,0.0202,0.14,2.89,0.0155,9.23,,0.1835,,01_facebook_ads.csv
2024-01-19,Facebook,fb_1002,Conversions_Retargeting,Retargeting,fbset_2002,Cart_Abandoners,13890,634,235.80,40,,1378,,,,,,,,10890,1.2700,,,,0.0457,0.0456,0.37,16.98,0.0631,5.90,,0.0992,,01_facebook_ads.csv
2024-01-19,Facebook,fb_1003,Traffic_Drive_Jan,Traffic,fbset_2003,Lookalike_Purchasers,37234,1367,209.90,28,,5012,,,,,,,,30678,1.2100,,,,0.0367,0.0367,0.15,5.64,0.0205,7.50,,0.1346,,01_facebook_ads.csv
2024-01-19,Facebook,fb_1004,Video_Views_Campaign,Awareness,fbset_2004,Video_Enthusiasts,70123,253,89.40,6,,47234,,,,,,,,57890,1.2100,,,,0.0036,0.0036,0.35,1.27,0.0237,14.90,,0.6736,,01_facebook_ads.csv
2024-01-19,Google,g_5001,Search_Brand_Terms,Search,gad_6001,Brand_Exact,24567,1289,246.80,48,2400.00,,,,,,,,,,,9.0000,0.9100,,,0.0525,0.19,10.05,0.0372,5.14,9.7245,,,02_google_ads.csv
2024-01-19,Google,g_5002,Search_Generic_Terms,Search,gad_6002,Product_Broad,44890,890,574.70,23,1150.00,,,,,,,,,,,7.0000,0.4400,,,0.0198,0.65,12.80,0.0258,24.99,2.0010,,,02_google_ads.csv
2024-01-19,Google,g_5003,Shopping_All_Products,Shopping,gad_6003,Best_Sellers,69234,2301,423.50,67,3350.00,,,,,,,,,,,8.0000,0.6700,,,0.0332,0.18,6.12,0.0291,6.32,7.9103,,,02_google_ads.csv
2024-01-19,Google,g_5004,Display_Remarketing,Retargeting,gad_6004,Cart_Abandoners,131567,478,129.40,13,650.00,,,,,,,,,,,7.0000,0.3400,,,0.0036,0.27,0.98,0.0272,9.95,5.0232,,,02_google_ads.csv
2024-01-19,TikTok,tt_8001,Awareness_GenZ,Awareness,ttad_9001,Dance_Challenge,278901,4123,545.60,42,,229234,179234,112234,75678,50234,10123,2712,645,,,,,13480,0.0483,0.0148,0.13,1.96,0.0102,12.99,,0.8219,0.2191,03_tiktok_ads.csv
2024-01-19,TikTok,tt_8002,Conversion_Focus,Conversion,ttad_9002,Product_Demo,153456,2945,789.20,79,,107890,79567,53678,40234,26890,5234,1456,278,,,,,6968,0.0454,0.0192,0.27,5.14,0.0268,9.99,,0.7031,0.2492,03_tiktok_ads.csv
2024-01-19,TikTok,tt_8003,Traffic_Campaign,Traffic,ttad_9003,Trending_Sounds,236789,3734,456.80,33,,187890,142345,112345,72345,43789,8456,2267,545,,,,,11268,0.0476,0.0158,0.12,1.93,0.0088,13.84,,0.7935,0.2331,03_tiktok_ads.csv
2024-01-19,TikTok,tt_8004,Influencer_Collab,Influencer,ttad_9004,Creator_Partnership,423456,6789,1034.50,104,,356789,287234,229234,162345,107890,18756,5345,1456,,,,,25557,0.0604,0.0160,0.15,2.44,0.0153,9.95,,0.8426,0.3024,03_tiktok_ads.csv
2024-01-20,Facebook,fb_1001,Brand_Awareness_Q1,Awareness,fbset_2001,Broad_Audience_18-35,43234,878,125.70,13,,7890,,,,,,,,36567,1.1800,,,,0.0203,0.0203,0.14,2.91,0.0148,9.67,,0.1825,,01_facebook_ads.csv
2024-01-20,Facebook,fb_1002,Conversions_Retargeting,Retargeting,fbset_2002,Cart_Abandoners,11890,545,202.30,34,,1156,,,,,,,,9567,1.2800,,,,0.0458,0.0458,0.37,17.01,0.0624,5.95,,0.0972,,01_facebook_ads.csv
2024-01-20,Facebook,fb_1003,Traffic_Drive_Jan,Traffic,fbset_2003,Lookalike_Purchasers,34567,1234,189.60,24,,4567,,,,,,,,28934,1.1900,,,,0.0357,0.0357,0.15,5.49,0.0194,7.90,,0.1321,,01_facebook_ads.csv
2024-01-20,Facebook,fb_1004,Video_Views_Campaign,Awareness,fbset_2004,Video_Enthusiasts,65234,234,81.20,5,,43567,,,,,,,,53456,1.1900,,,,0.0036,0.0036,0.35,1.24,0.0214,16.24,,0.6679,,01_facebook_ads.csv
2024-01-20,Google,g_5001,Search_Brand_Terms,Search,gad_6001,Brand_Exact,22345,1123,214.50,42,2100.00,,,,,,,,,,,9.0000,0.8900,,,0.0503,0.19,9.60,0.0374,5.11,9.7902,,,02_google_ads.csv
2024-01-20,Google,g_5002,Search_Generic_Terms,Search,gad_6002,Product_Broad,40567,812,520.40,20,1000.00,,,,,,,,,,,6.0000,0.4200,,,0.0200,0.64,12.83,0.0246,26.02,1.9216,,,02_google_ads.csv
2024-01-20,Google,g_5003,Shopping_All_Products,Shopping,gad_6003,Best_Sellers,64890,2067,376.80,59,2950.00,,,,,,,,,,,8.0000,0.6500,,,0.0319,0.18,5.81,0.0285,6.39,7.8291,,,02_google_ads.csv
2024-01-20,Google,g_5004,Display_Remarketing,Retargeting,gad_6004,Cart_Abandoners,124567,445,122.30,12,600.00,,,,,,,,,,,7.0000,0.3300,,,0.0036,0.27,0.98,0.0270,10.19,4.9060,,,02_google_ads.csv
2024-01-20,TikTok,tt_8001,Awareness_GenZ,Awareness,ttad_9001,Dance_Challenge,256234,3701,490.50,38,,209234,163567,102567,69567,46567,9123,2423,601,,,,,12147,0.0474,0.0144,0.13,1.91,0.0103,12.91,,0.8166,0.2226,03_tiktok_ads.csv
2024-01-20,TikTok,tt_8002,Conversion_Focus,Conversion,ttad_9002,Product_Demo,142345,2678,734.50,73,,97890,72345,48901,36789,24890,4901,1356,256,,,,,6513,0.0458,0.0188,0.27,5.16,0.0273,10.06,,0.6877,0.2543,03_tiktok_ads.csv
2024-01-20,TikTok,tt_8003,Traffic_Campaign,Traffic,ttad_9003,Trending_Sounds,218901,3456,414.40,29,,173456,131567,103567,67234,40567,8012,2201,523,,,,,10736,0.0490,0.0158,0.12,1.89,0.0084,14.29,,0.7924,0.2339,03_tiktok_ads.csv
2024-01-20,TikTok,tt_8004,Influencer_Collab,Influencer,ttad_9004,Creator_Partnership,389012,6234,967.80,98,,321234,258901,207890,147234,97456,16901,4912,1345,,,,,23158,0.0595,0.0160,0.16,2.49,0.0157,9.88,,0.8258,0.3034,03_tiktok_ads.csv
2024-01-21,Facebook,fb_1001,Brand_Awareness_Q1,Awareness,fbset_2001,Broad_Audience_18-35,41567,823,118.90,12,,7456,,,,,,,,35123,1.1800,,,,0.0198,0.0198,0.14,2.86,0.0146,9.91,,0.1794,,01_facebook_ads.csv
2024-01-21,Facebook,fb_1002,Conversions_Retargeting,Retargeting,fbset_2002,Cart_Abandoners,10234,467,178.40,30,,945,,,,,,,,8456,1.2100,,,,0.0456,0.0456,0.38,17.43,0.0642,5.95,,0.0923,,01_facebook_ads.csv
2024-01-21,Facebook,fb_1003,Traffic_Drive_Jan,Traffic,fbset_2003,Lookalike_Purchasers,32890,1178,171.20,22,,3789,,,,,,,,27234,1.2100,,,,0.0358,0.0358,0.15,5.21,0.0187,7.78,,0.1152,,01_facebook_ads.csv
2024-01-21,Facebook,fb_1004,Video_Views_Campaign,Awareness,fbset_2004,Video_Enthusiasts,62345,223,76.30,4,,41234,,,,,,,,51567,1.2000,,,,0.0036,0.0036,0.34,1.22,0.0179,19.07,,0.6614,,01_facebook_ads.csv
2024-01-21,Google,g_5001,Search_Brand_Terms,Search,gad_6001,Brand_Exact,21567,1089,207.80,41,2050.00,,,,,,,,,,,9.0000,0.8800,,,0.0505,0.19,9.64,0.0376,5.07,9.8653,,,02_google_ads.csv
2024-01-21,Google,g_5002,Search_Generic_Terms,Search,gad_6002,Product_Broad,38901,778,498.70,19,950.00,,,,,,,,,,,6.0000,0.4100,,,0.0200,0.64,12.82,0.0244,26.25,1.9050,,,02_google_ads.csv
2024-01-21,Google,g_5003,Shopping_All_Products,Shopping,gad_6003,Best_Sellers,62345,1989,365.40,57,2850.00,,,,,,,,,,,8.0000,0.6300,,,0.0319,0.18,5.86,0.0287,6.41,7.7997,,,02_google_ads.csv
2024-01-21,Google,g_5004,Display_Remarketing,Retargeting,gad_6004,Cart_Abandoners,118234,423,116.20,11,550.00,,,,,,,,,,,7.0000,0.3200,,,0.0036,0.27,0.98,0.0260,10.56,4.7332,,,02_google_ads.csv
2024-01-21,TikTok,tt_8001,Awareness_GenZ,Awareness,ttad_9001,Dance_Challenge,234567,3456,445.70,34,,195234,153456,96234,65234,43567,8756,2234,534,,,,,11524,0.0491,0.0147,0.13,1.90,0.0098,13.11,,0.8323,0.2232,03_tiktok_ads.csv
2024-01-21,TikTok,tt_8002,Conversion_Focus,Conversion,ttad_9002,Product_Demo,128901,2456,678.90,67,,89234,67234,45234,34234,23456,4567,1234,234,,,,,6035,0.0468,0.0191,0.28,5.27,0.0273,10.13,,0.6923,0.2629,03_tiktok_ads.csv
2024-01-21,TikTok,tt_8003,Traffic_Campaign,Traffic,ttad_9003,Trending_Sounds,201234,3123,374.50,26,,157890,121234,96234,61234,37456,7345,2034,489,,,,,9868,0.0490,0.0155,0.12,1.86,0.0083,14.40,,0.7846,0.2372,03_tiktok_ads.csv
2024-01-21,TikTok,tt_8004,Influencer_Collab,Influencer,ttad_9004,Creator_Partnership,367890,6012,923.40,94,,301234,245678,196789,140234,93456,16234,4789,1289,,,,,22312,0.0606,0.0163,0.15,2.51,0.0156,9.82,,0.8188,0.3102,03_tiktok_ads.csv
2024-01-22,Facebook,fb_1001,Brand_Awareness_Q1,Awareness,fbset_2001,Broad_Audience_18-35,45234,912,129.80,14,,8234,,,,,,,,38567,1.1700,,,,0.0202,0.0202,0.14,2.87,0.0154,9.27,,0.1820,,01_facebook_ads.csv
2024-01-22,Facebook,fb_1002,Conversions_Retargeting,Retargeting,fbset_2002,Cart_Abandoners,12456,567,209.60,36,,1234,,,,,,,,9876,1.2600,,,,0.0455,0.0455,0.37,16.83,0.0635,5.82,,0.0991,,01_facebook_ads.csv
2024-01-22,Facebook,fb_1003,Traffic_Drive_Jan,Traffic,fbset_2003,Lookalike_Purchasers,35123,1267,194.50,26,,4345,,,,,,,,29123,1.2100,,,,0.0361,0.0361,0.15,5.54,0.0205,7.48,,0.1237,,01_facebook_ads.csv
2024-01-22,Facebook,fb_1004,Video_Views_Campaign,Awareness,fbset_2004,Video_Enthusiasts,66789,245,84.70,5,,44567,,,,,,,,54890,1.2200,,,,0.0037,0.0037,0.35,1.27,0.0204,16.94,,0.6673,,01_facebook_ads.csv
2024-01-22,Google,g_5001,Search_Brand_Terms,Search,gad_6001,Brand_Exact,24234,1267,241.20,47,2350.00,,,,,,,,,,,9.0000,0.9100,,,0.0523,0.19,9.95,0.0371,5.13,9.7430,,,02_google_ads.csv
2024-01-22,Google,g_5002,Search_Generic_Terms,Search,gad_6002,Product_Broad,42890,845,549.30,22,1100.00,,,,,,,,,,,7.0000,0.4400,,,0.0197,0.65,12.81,0.0260,24.97,2.0025,,,02_google_ads.csv
2024-01-22,Google,g_5003,Shopping_All_Products,Shopping,gad_6003,Best_Sellers,66789,2223,407.90,64,3200.00,,,,,,,,,,,8.0000,0.6600,,,0.0333,0.18,6.11,0.0288,6.37,7.8451,,,02_google_ads.csv
2024-01-22,Google,g_5004,Display_Remarketing,Retargeting,gad_6004,Cart_Abandoners,127890,456,125.60,13,650.00,,,,,,,,,,,7.0000,0.3400,,,0.0036,0.28,0.98,0.0285,9.66,5.1752,,,02_google_ads.csv
2024-01-22,TikTok,tt_8001,Awareness_GenZ,Awareness,ttad_9001,Dance_Challenge,267890,3945,523.40,40,,221234,173456,109234,73567,49234,9789,2634,623,,,,,13046,0.0487,0.0147,0.13,1.95,0.0101,13.08,,0.8258,0.2225,03_tiktok_ads.csv
2024-01-22,TikTok,tt_8002,Conversion_Focus,Conversion,ttad_9002,Product_Demo,148901,2834,767.50,77,,103456,76234,51234,38567,25789,5123,1456,278,,,,,6857,0.0461,0.0190,0.27,5.15,0.0272,9.97,,0.6948,0.2493,03_tiktok_ads.csv
2024-01-22,TikTok,tt_8003,Traffic_Campaign,Traffic,ttad_9003,Trending_Sounds,228901,3634,441.90,31,,182345,137890,108901,70567,42789,8456,2301,545,,,,,11302,0.0494,0.0159,0.12,1.93,0.0085,14.25,,0.7966,0.2347,03_tiktok_ads.csv
2024-01-22,TikTok,tt_8004,Influencer_Collab,Influencer,ttad_9004,Creator_Partnership,398567,6534,998.70,98,,332345,267890,214567,151234,99567,17756,5012,1389,,,,,24157,0.0606,0.0164,0.15,2.51,0.0150,10.19,,0.8338,0.2996,03_tiktok_ads.csv
2024-01-23,Facebook,fb_1001,Brand_Awareness_Q1,Awareness,fbset_2001,Broad_Audience_18-35,48567,989,140.30,15,,8945,,,,,,,,40456,1.2000,,,,0.0204,0.0204,0.14,2.89,0.0152,9.35,,0.1842,,01_facebook_ads.csv
2024-01-23,Facebook,fb_1002,Conversions_Retargeting,Retargeting,fbset_2002,Cart_Abandoners,13789,623,229.80,38,,1489,,,,,,,,10789,1.2800,,,,0.0452,0.0452,0.37,16.67,0.0610,6.05,,0.1080,,01_facebook_ads.csv
2024-01-23,Facebook,fb_1003,Traffic_Drive_Jan,Traffic,fbset_2003,Lookalike_Purchasers,37456,1389,213.40,29,,4890,,,,,,,,30567,1.2200,,,,0.0371,0.0371,0.15,5.70,0.0209,7.36,,0.1306,,01_facebook_ads.csv
2024-01-23,Facebook,fb_1004,Video_Views_Campaign,Awareness,fbset_2004,Video_Enthusiasts,71234,256,90.50,6,,48123,,,,,,,,58567,1.2200,,,,0.0036,0.0036,0.35,1.27,0.0234,15.08,,0.6756,,01_facebook_ads.csv
2024-01-23,Google,g_5001,Search_Brand_Terms,Search,gad_6001,Brand_Exact,25678,1356,259.40,51,2550.00,,,,,,,,,,,9.0000,0.9200,,,0.0528,0.19,10.10,0.0376,5.09,9.8304,,,02_google_ads.csv
2024-01-23,Google,g_5002,Search_Generic_Terms,Search,gad_6002,Product_Broad,45123,912,577.80,24,1200.00,,,,,,,,,,,7.0000,0.4500,,,0.0202,0.63,12.80,0.0263,24.07,2.0768,,,02_google_ads.csv
2024-01-23,Google,g_5003,Shopping_All_Products,Shopping,gad_6003,Best_Sellers,70234,2389,432.60,69,3450.00,,,,,,,,,,,8.0000,0.6700,,,0.0340,0.18,6.16,0.0289,6.27,7.9750,,,02_google_ads.csv
2024-01-23,Google,g_5004,Display_Remarketing,Retargeting,gad_6004,Cart_Abandoners,133456,489,131.20,14,700.00,,,,,,,,,,,7.0000,0.3500,,,0.0037,0.27,0.98,0.0286,9.37,5.3354,,,02_google_ads.csv
2024-01-23,TikTok,tt_8001,Awareness_GenZ,Awareness,ttad_9001,Dance_Challenge,289012,4234,556.70,43,,234567,182345,114567,77234,51234,10345,2789,656,,,,,13790,0.0477,0.0146,0.13,1.93,0.0102,12.95,,0.8116,0.2184,03_tiktok_ads.csv
2024-01-23,TikTok,tt_8002,Conversion_Focus,Conversion,ttad_9002,Product_Demo,156789,3012,812.30,82,,109876,81234,54678,41234,27567,5456,1567,289,,,,,7312,0.0466,0.0192,0.27,5.18,0.0272,9.91,,0.7008,0.2509,03_tiktok_ads.csv
2024-01-23,TikTok,tt_8003,Traffic_Campaign,Traffic,ttad_9003,Trending_Sounds,245678,3890,467.80,34,,195678,148234,117234,75234,45789,8567,2345,567,,,,,11479,0.0467,0.0158,0.12,1.90,0.0087,13.76,,0.7965,0.2340,03_tiktok_ads.csv
2024-01-23,TikTok,tt_8004,Influencer_Collab,Influencer,ttad_9004,Creator_Partnership,423456,6890,1056.80,107,,356789,289234,231456,164567,109234,18890,5456,1489,,,,,25835,0.0610,0.0163,0.15,2.50,0.0155,9.88,,0.8426,0.3062,03_tiktok_ads.csv
2024-01-24,Facebook,fb_1001,Brand_Awareness_Q1,Awareness,fbset_2001,Broad_Audience_18-35,51234,1067,149.70,17,,9234,,,,,,,,42567,1.2000,,,,0.0208,0.0208,0.14,2.92,0.0159,8.81,,0.1802,,01_facebook_ads.csv
2024-01-24,Facebook,fb_1002,Conversions_Retargeting,Retargeting,fbset_2002,Cart_Abandoners,14890,712,251.60,43,,1578,,,,,,,,11790,1.2600,,,,0.0478,0.0478,0.35,16.90,0.0604,5.85,,0.1060,,01_facebook_ads.csv
2024-01-24,Facebook,fb_1003,Traffic_Drive_Jan,Traffic,fbset_2003,Lookalike_Purchasers,39234,1489,227.90,32,,5234,,,,,,,,32123,1.2200,,,,0.0379,0.0380,0.15,5.81,0.0215,7.12,,0.1334,,01_facebook_ads.csv
2024-01-24,Facebook,fb_1004,Video_Views_Campaign,Awareness,fbset_2004,Video_Enthusiasts,74567,267,95.80,7,,50234,,,,,,,,60789,1.2300,,,,0.0036,0.0036,0.36,1.28,0.0262,13.69,,0.6737,,01_facebook_ads.csv
2024-01-24,Google,g_5001,Search_Brand_Terms,Search,gad_6001,Brand_Exact,27123,1434,274.30,55,2750.00,,,,,,,,,,,9.0000,0.9300,,,0.0529,0.19,10.11,0.0384,4.99,10.0255,,,02_google_ads.csv
2024-01-24,Google,g_5002,Search_Generic_Terms,Search,gad_6002,Product_Broad,47890,978,613.50,26,1300.00,,,,,,,,,,,7.0000,0.4600,,,0.0204,0.63,12.81,0.0266,23.60,2.1190,,,02_google_ads.csv
2024-01-24,Google,g_5003,Shopping_All_Products,Shopping,gad_6003,Best_Sellers,73456,2501,456.70,73,3650.00,,,,,,,,,,,8.0000,0.6900,,,0.0340,0.18,6.22,0.0292,6.26,7.9921,,,02_google_ads.csv
2024-01-24,Google,g_5004,Display_Remarketing,Retargeting,gad_6004,Cart_Abandoners,139234,523,136.80,15,750.00,,,,,,,,,,,7.0000,0.3600,,,0.0038,0.26,0.98,0.0287,9.12,5.4825,,,02_google_ads.csv
2024-01-24,TikTok,tt_8001,Awareness_GenZ,Awareness,ttad_9001,Dance_Challenge,312345,4567,623.40,48,,256789,200234,125678,84567,56234,11234,3012,723,,,,,14969,0.0479,0.0146,0.14,2.00,0.0105,12.99,,0.8221,0.2190,03_tiktok_ads.csv
2024-01-24,TikTok,tt_8002,Conversion_Focus,Conversion,ttad_9002,Product_Demo,172345,3345,867.90,87,,123456,91234,61567,46234,30789,5890,1678,334,,,,,7902,0.0458,0.0194,0.26,5.04,0.0260,9.98,,0.7163,0.2494,03_tiktok_ads.csv
2024-01-24,TikTok,tt_8003,Traffic_Campaign,Traffic,ttad_9003,Trending_Sounds,267890,4123,512.60,37,,212345,160234,126789,81234,49234,9123,2567,612,,,,,12302,0.0459,0.0154,0.12,1.91,0.0090,13.85,,0.7927,0.2319,03_tiktok_ads.csv
2024-01-24,TikTok,tt_8004,Influencer_Collab,Influencer,ttad_9004,Creator_Partnership,456789,7456,1167.80,118,,389012,312345,249234,177890,118234,20234,5912,1623,,,,,27769,0.0608,0.0163,0.16,2.56,0.0158,9.90,,0.8516,0.3039,03_tiktok_ads.csv
2024-01-25,Facebook,fb_1001,Brand_Awareness_Q1,Awareness,fbset_2001,Broad_Audience_18-35,52789,1123,156.40,18,,9567,,,,,,,,43890,1.2000,,,,0.0213,0.0213,0.14,2.96,0.0160,8.69,,0.1812,,01_facebook_ads.csv
2024-01-25,Facebook,fb_1002,Conversions_Retargeting,Retargeting,fbset_2002,Cart_Abandoners,15678,756,268.90,47,,1678,,,,,,,,12345,1.2700,,,,0.0482,0.0482,0.36,17.15,0.0622,5.72,,0.1070,,01_facebook_ads.csv
2024-01-25,Facebook,fb_1003,Traffic_Drive_Jan,Traffic,fbset_2003,Lookalike_Purchasers,40567,1567,238.60,34,,5456,,,,,,,,33234,1.2200,,,,0.0386,0.0386,0.15,5.88,0.0217,7.02,,0.1345,,01_facebook_ads.csv
2024-01-25,Facebook,fb_1004,Video_Views_Campaign,Awareness,fbset_2004,Video_Enthusiasts,76890,278,99.20,8,,51567,,,,,,,,62890,1.2300,,,,0.0036,0.0036,0.36,1.29,0.0288,12.40,,0.6707,,01_facebook_ads.csv
2024-01-25,Google,g_5001,Search_Brand_Terms,Search,gad_6001,Brand_Exact,28234,1512,287.60,58,2900.00,,,,,,,,,,,9.0000,0.9400,,,0.0536,0.19,10.19,0.0384,4.96,10.0834,,,02_google_ads.csv
2024-01-25,Google,g_5002,Search_Generic_Terms,Search,gad_6002,Product_Broad,49567,1012,634.20,27,1350.00,,,,,,,,,,,7.0000,0.4700,,,0.0204,0.63,12.79,0.0267,23.49,2.1287,,,02_google_ads.csv
2024-01-25,Google,g_5003,Shopping_All_Products,Shopping,gad_6003,Best_Sellers,75234,2567,467.80,75,3750.00,,,,,,,,,,,8.0000,0.7000,,,0.0341,0.18,6.22,0.0292,6.24,8.0162,,,02_google_ads.csv
2024-01-25,Google,g_5004,Display_Remarketing,Retargeting,gad_6004,Cart_Abandoners,142345,545,139.90,16,800.00,,,,,,,,,,,7.0000,0.3700,,,0.0038,0.26,0.98,0.0294,8.74,5.7184,,,02_google_ads.csv
2024-01-25,TikTok,tt_8001,Awareness_GenZ,Awareness,ttad_9001,Dance_Challenge,323456,4789,645.70,50,,267890,208901,131234,88234,58901,11567,3134,734,,,,,15435,0.0477,0.0148,0.13,2.00,0.0104,12.91,,0.8282,0.2199,03_tiktok_ads.csv
2024-01-25,TikTok,tt_8002,Conversion_Focus,Conversion,ttad_9002,Product_Demo,178901,3456,889.50,89,,128901,95678,64567,48567,32345,6123,1734,345,,,,,8202,0.0458,0.0193,0.26,4.97,0.0258,9.99,,0.7205,0.2509,03_tiktok_ads.csv
2024-01-25,TikTok,tt_8003,Traffic_Campaign,Traffic,ttad_9003,Trending_Sounds,278901,4234,534.20,39,,223456,168901,133456,85678,51789,9456,2634,623,,,,,12713,0.0456,0.0152,0.13,1.92,0.0092,13.70,,0.8012,0.2318,03_tiktok_ads.csv
2024-01-25,TikTok,tt_8004,Influencer_Collab,Influencer,ttad_9004,Creator_Partnership,467890,7623,1189.40,120,,401234,323456,258901,184567,122345,20789,6034,1678,,,,,28501,0.0609,0.0163,0.16,2.54,0.0157,9.91,,0.8575,0.3049,03_tiktok_ads.csv
2024-01-26,Facebook,fb_1001,Brand_Awareness_Q1,Awareness,fbset_2001,Broad_Audience_18-35,50123,1034,147.50,17,,9123,,,,,,,,41890,1.2000,,,,0.0206,0.0206,0.14,2.94,0.0164,8.68,,0.1820,,01_facebook_ads.csv
2024-01-26,Facebook,fb_1002,Conversions_Retargeting,Retargeting,fbset_2002,Cart_Abandoners,14234,689,254.70,44,,1456,,,,,,,,11234,1.2700,,,,0.0484,0.0484,0.37,17.89,0.0639,5.79,,0.1023,,01_facebook_ads.csv
2024-01-26,Facebook,fb_1003,Traffic_Drive_Jan,Traffic,fbset_2003,Lookalike_Purchasers,38890,1445,231.20,32,,5123,,,,,,,,31567,1.2300,,,,0.0372,0.0372,0.16,5.94,0.0221,7.22,,0.1317,,01_facebook_ads.csv
2024-01-26,Facebook,fb_1004,Video_Views_Campaign,Awareness,fbset_2004,Video_Enthusiasts,73456,261,94.60,7,,49234,,,,,,,,59567,1.2300,,,,0.0036,0.0036,0.36,1.29,0.0268,13.51,,0.6703,,01_facebook_ads.csv
2024-01-26,Google,g_5001,Search_Brand_Terms,Search,gad_6001,Brand_Exact,26789,1378,263.40,53,2650.00,,,,,,,,,,,9.0000,0.9200,,,0.0514,0.19,9.83,0.0385,4.97,10.0607,,,02_google_ads.csv
2024-01-26,Google,g_5002,Search_Generic_Terms,Search,gad_6002,Product_Broad,47234,945,605.60,25,1250.00,,,,,,,,,,,7.0000,0.4600,,,0.0200,0.64,12.82,0.0265,24.22,2.0641,,,02_google_ads.csv
2024-01-26,Google,g_5003,Shopping_All_Products,Shopping,gad_6003,Best_Sellers,72890,2434,450.20,71,3550.00,,,,,,,,,,,8.0000,0.6900,,,0.0334,0.18,6.18,0.0292,6.34,7.8854,,,02_google_ads.csv
2024-01-26,Google,g_5004,Display_Remarketing,Retargeting,gad_6004,Cart_Abandoners,138567,512,136.20,15,750.00,,,,,,,,,,,7.0000,0.3600,,,0.0037,0.27,0.98,0.0293,9.08,5.5066,,,02_google_ads.csv
2024-01-26,TikTok,tt_8001,Awareness_GenZ,Awareness,ttad_9001,Dance_Challenge,301234,4456,589.90,46,,245678,191234,119234,80234,53456,10789,2901,689,,,,,14379,0.0477,0.0148,0.13,1.96,0.0103,12.82,,0.8156,0.2176,03_tiktok_ads.csv
2024-01-26,TikTok,tt_8002,Conversion_Focus,Conversion,ttad_9002,Product_Demo,167890,3234,845.60,85,,117890,87234,58901,44234,29567,5678,1634,312,,,,,7624,0.0454,0.0193,0.26,5.04,0.0263,9.95,,0.7022,0.2508,03_tiktok_ads.csv
2024-01-26,TikTok,tt_8003,Traffic_Campaign,Traffic,ttad_9003,Trending_Sounds,256789,4012,489.20,36,,201234,152345,120456,77890,47234,8901,2456,589,,,,,11946,0.0465,0.0156,0.12,1.91,0.0090,13.59,,0.7837,0.2347,03_tiktok_ads.csv
2024-01-26,TikTok,tt_8004,Influencer_Collab,Influencer,ttad_9004,Creator_Partnership,445678,7234,1123.50,113,,378901,304567,243456,172345,114567,19567,5678,1567,,,,,26812,0.0602,0.0162,0.16,2.52,0.0156,9.94,,0.8502,0.3024,03_tiktok_ads.csv
2024-01-27,Facebook,fb_1001,Brand_Awareness_Q1,Awareness,fbset_2001,Broad_Audience_18-35,46234,934,133.80,15,,8456,,,,,,,,38890,1.1900,,,,0.0202,0.0202,0.14,2.89,0.0161,8.92,,0.1829,,01_facebook_ads.csv
2024-01-27,Facebook,fb_1002,Conversions_Retargeting,Retargeting,fbset_2002,Cart_Abandoners,12567,567,209.40,36,,1267,,,,,,,,9890,1.2700,,,,0.0451,0.0451,0.37,16.66,0.0635,5.82,,0.1008,,01_facebook_ads.csv
2024-01-27,Facebook,fb_1003,Traffic_Drive_Jan,Traffic,fbset_2003,Lookalike_Purchasers,35890,1289,197.80,27,,4567,,,,,,,,29567,1.2100,,,,0.0359,0.0359,0.15,5.51,0.0209,7.33,,0.1272,,01_facebook_ads.csv
2024-01-27,Facebook,fb_1004,Video_Views_Campaign,Awareness,fbset_2004,Video_Enthusiasts,68234,245,85.90,5,,45678,,,,,,,,55890,1.2200,,,,0.0036,0.0036,0.35,1.26,0.0204,17.18,,0.6694,,01_facebook_ads.csv
2024-01-27,Google,g_5001,Search_Brand_Terms,Search,gad_6001,Brand_Exact,25234,1312,250.30,49,2450.00,,,,,,,,,,,9.0000,0.9100,,,0.0520,0.19,9.92,0.0373,5.11,9.7883,,,02_google_ads.csv
2024-01-27,Google,g_5002,Search_Generic_Terms,Search,gad_6002,Product_Broad,45678,901,584.50,24,1200.00,,,,,,,,,,,7.0000,0.4500,,,0.0197,0.65,12.80,0.0266,24.35,2.0530,,,02_google_ads.csv
2024-01-27,Google,g_5003,Shopping_All_Products,Shopping,gad_6003,Best_Sellers,70123,2356,431.20,68,3400.00,,,,,,,,,,,8.0000,0.6800,,,0.0336,0.18,6.15,0.0289,6.34,7.8850,,,02_google_ads.csv
2024-01-27,Google,g_5004,Display_Remarketing,Retargeting,gad_6004,Cart_Abandoners,134890,489,132.70,14,700.00,,,,,,,,,,,7.0000,0.3500,,,0.0036,0.27,0.98,0.0286,9.48,5.2751,,,02_google_ads.csv
2024-01-27,TikTok,tt_8001,Awareness_GenZ,Awareness,ttad_9001,Dance_Challenge,278901,4123,545.60,42,,229234,179234,112234,75678,50234,10123,2712,645,,,,,13480,0.0483,0.0148,0.13,1.96,0.0102,12.99,,0.8219,0.2191,03_tiktok_ads.csv
2024-01-27,TikTok,tt_8002,Conversion_Focus,Conversion,ttad_9002,Product_Demo,153456,2945,789.20,79,,107890,79567,53678,40234,26890,5234,1456,278,,,,,6968,0.0454,0.0192,0.27,5.14,0.0268,9.99,,0.7031,0.2492,03_tiktok_ads.csv
2024-01-27,TikTok,tt_8003,Traffic_Campaign,Traffic,ttad_9003,Trending_Sounds,236789,3734,456.80,33,,187890,142345,112345,72345,43789,8456,2267,545,,,,,11268,0.0476,0.0158,0.12,1.93,0.0088,13.84,,0.7935,0.2331,03_tiktok_ads.csv
2024-01-27,TikTok,tt_8004,Influencer_Collab,Influencer,ttad_9004,Creator_Partnership,423456,6789,1034.50,104,,356789,287234,229234,162345,107890,18756,5345,1456,,,,,25557,0.0604,0.0160,0.15,2.44,0.0153,9.95,,0.8426,0.3024,03_tiktok_ads.csv
2024-01-28,Facebook,fb_1001,Brand_Awareness_Q1,Awareness,fbset_2001,Broad_Audience_18-35,44567,890,127.60,13,,8123,,,,,,,,37456,1.1900,,,,0.0200,0.0200,0.14,2.86,0.0146,9.82,,0.1823,,01_facebook_ads.csv
2024-01-28,Facebook,fb_1002,Conversions_Retargeting,Retargeting,fbset_2002,Cart_Abandoners,11456,523,192.30,33,,1089,,,,,,,,8967,1.2800,,,,0.0457,0.0457,0.37,16.79,0.0631,5.83,,0.0951,,01_facebook_ads.csv
2024-01-28,Facebook,fb_1003,Traffic_Drive_Jan,Traffic,fbset_2003,Lookalike_Purchasers,33567,1203,184.50,25,,4123,,,,,,,,27890,1.2000,,,,0.0358,0.0358,0.15,5.50,0.0208,7.38,,0.1228,,01_facebook_ads.csv
2024-01-28,Facebook,fb_1004,Video_Views_Campaign,Awareness,fbset_2004,Video_Enthusiasts,65789,234,80.40,4,,43890,,,,,,,,54123,1.2100,,,,0.0036,0.0036,0.34,1.22,0.0171,20.10,,0.6671,,01_facebook_ads.csv
2024-01-28,Google,g_5001,Search_Brand_Terms,Search,gad_6001,Brand_Exact,23567,1189,226.80,44,2200.00,,,,,,,,,,,9.0000,0.9000,,,0.0505,0.19,9.62,0.0370,5.15,9.7002,,,02_google_ads.csv
2024-01-28,Google,g_5002,Search_Generic_Terms,Search,gad_6002,Product_Broad,42890,834,549.30,21,1050.00,,,,,,,,,,,7.0000,0.4300,,,0.0194,0.66,12.81,0.0252,26.16,1.9115,,,02_google_ads.csv
2024-01-28,Google,g_5003,Shopping_All_Products,Shopping,gad_6003,Best_Sellers,66234,2167,395.80,61,3050.00,,,,,,,,,,,8.0000,0.6600,,,0.0327,0.18,5.98,0.0281,6.49,7.7059,,,02_google_ads.csv
2024-01-28,Google,g_5004,Display_Remarketing,Retargeting,gad_6004,Cart_Abandoners,127345,445,125.10,12,600.00,,,,,,,,,,,7.0000,0.3300,,,0.0035,0.28,0.98,0.0270,10.42,4.7962,,,02_google_ads.csv
2024-01-28,TikTok,tt_8001,Awareness_GenZ,Awareness,ttad_9001,Dance_Challenge,267890,3945,501.20,40,,221234,173456,109234,73567,49234,9789,2634,623,,,,,13046,0.0487,0.0147,0.13,1.87,0.0101,12.53,,0.8258,0.2225,03_tiktok_ads.csv
2024-01-28,TikTok,tt_8002,Conversion_Focus,Conversion,ttad_9002,Product_Demo,148901,2834,756.70,76,,101234,74567,50234,37890,25234,5012,1423,267,,,,,6702,0.0450,0.0190,0.27,5.08,0.0268,9.96,,0.6799,0.2493,03_tiktok_ads.csv
2024-01-28,TikTok,tt_8003,Traffic_Campaign,Traffic,ttad_9003,Trending_Sounds,223456,3567,427.70,30,,178901,135234,106789,69234,41789,8234,2267,534,,,,,11035,0.0494,0.0160,0.12,1.91,0.0084,14.26,,0.8006,0.2336,03_tiktok_ads.csv
2024-01-28,TikTok,tt_8004,Influencer_Collab,Influencer,ttad_9004,Creator_Partnership,401234,6456,989.90,101,,332345,267890,214567,151234,99567,17234,5012,1378,,,,,23624,0.0589,0.0161,0.15,2.47,0.0156,9.80,,0.8283,0.2996,03_tiktok_ads.csv
2024-01-29,Facebook,fb_1001,Brand_Awareness_Q1,Awareness,fbset_2001,Broad_Audience_18-35,47890,967,138.40,15,,8789,,,,,,,,40234,1.1900,,,,0.0202,0.0202,0.14,2.89,0.0155,9.23,,0.1835,,01_facebook_ads.csv
2024-01-29,Facebook,fb_1002,Conversions_Retargeting,Retargeting,fbset_2002,Cart_Abandoners,13234,612,226.50,39,,1345,,,,,,,,10456,1.2700,,,,0.0463,0.0462,0.37,17.12,0.0637,5.81,,0.1016,,01_facebook_ads.csv
2024-01-29,Facebook,fb_1003,Traffic_Drive_Jan,Traffic,fbset_2003,Lookalike_Purchasers,36234,1334,203.70,28,,4678,,,,,,,,30123,1.2000,,,,0.0368,0.0368,0.15,5.62,0.0210,7.27,,0.1291,,01_facebook_ads.csv
2024-01-29,Facebook,fb_1004,Video_Views_Campaign,Awareness,fbset_2004,Video_Enthusiasts,69567,253,88.70,6,,46890,,,,,,,,57123,1.2200,,,,0.0036,0.0036,0.35,1.28,0.0237,14.78,,0.6740,,01_facebook_ads.csv
2024-01-29,Google,g_5001,Search_Brand_Terms,Search,gad_6001,Brand_Exact,24890,1278,244.20,47,2350.00,,,,,,,,,,,9.0000,0.9100,,,0.0513,0.19,9.81,0.0368,5.20,9.6233,,,02_google_ads.csv
2024-01-29,Google,g_5002,Search_Generic_Terms,Search,gad_6002,Product_Broad,44567,878,570.80,23,1150.00,,,,,,,,,,,7.0000,0.4400,,,0.0197,0.65,12.81,0.0262,24.82,2.0147,,,02_google_ads.csv
2024-01-29,Google,g_5003,Shopping_All_Products,Shopping,gad_6003,Best_Sellers,68456,2289,419.50,66,3300.00,,,,,,,,,,,8.0000,0.6700,,,0.0334,0.18,6.13,0.0288,6.36,7.8665,,,02_google_ads.csv
2024-01-29,Google,g_5004,Display_Remarketing,Retargeting,gad_6004,Cart_Abandoners,131234,467,128.90,13,650.00,,,,,,,,,,,7.0000,0.3400,,,0.0036,0.28,0.98,0.0278,9.92,5.0427,,,02_google_ads.csv
2024-01-29,TikTok,tt_8001,Awareness_GenZ,Awareness,ttad_9001,Dance_Challenge,289012,4234,556.70,43,,234567,182345,114567,77234,51234,10345,2789,656,,,,,13790,0.0477,0.0146,0.13,1.93,0.0102,12.95,,0.8116,0.2184,03_tiktok_ads.csv
2024-01-29,TikTok,tt_8002,Conversion_Focus,Conversion,ttad_9002,Product_Demo,156789,3012,812.30,82,,109876,81234,54678,41234,27567,5456,1567,289,,,,,7312,0.0466,0.0192,0.27,5.18,0.0272,9.91,,0.7008,0.2509,03_tiktok_ads.csv
2024-01-29,TikTok,tt_8003,Traffic_Campaign,Traffic,ttad_9003,Trending_Sounds,245678,3890,467.80,34,,195678,148234,117234,75234,45789,8567,2345,567,,,,,11479,0.0467,0.0158,0.12,1.90,0.0087,13.76,,0.7965,0.2340,03_tiktok_ads.csv
2024-01-29,TikTok,tt_8004,Influencer_Collab,Influencer,ttad_9004,Creator_Partnership,423456,6890,1056.80,107,,356789,289234,231456,164567,109234,18890,5456,1489,,,,,25835,0.0610,0.0163,0.15,2.50,0.0155,9.88,,0.8426,0.3062,03_tiktok_ads.csv
2024-01-30,Facebook,fb_1001,Brand_Awareness_Q1,Awareness,fbset_2001,Broad_Audience_18-35,49234,1001,142.80,16,,9012,,,,,,,,41567,1.1800,,,,0.0203,0.0203,0.14,2.90,0.0160,8.93,,0.1830,,01_facebook_ads.csv
2024-01-30,Facebook,fb_1002,Conversions_Retargeting,Retargeting,fbset_2002,Cart_Abandoners,14123,645,236.90,41,,1423,,,,,,,,11123,1.2700,,,,0.0457,0.0457,0.37,16.77,0.0636,5.78,,0.1008,,01_facebook_ads.csv
2024-01-30,Facebook,fb_1003,Traffic_Drive_Jan,Traffic,fbset_2003,Lookalike_Purchasers,37890,1412,216.50,30,,4956,,,,,,,,30890,1.2300,,,,0.0373,0.0373,0.15,5.71,0.0212,7.22,,0.1308,,01_facebook_ads.csv
2024-01-30,Facebook,fb_1004,Video_Views_Campaign,Awareness,fbset_2004,Video_Enthusiasts,72123,261,91.30,7,,48567,,,,,,,,58890,1.2200,,,,0.0036,0.0036,0.35,1.27,0.0268,13.04,,0.6734,,01_facebook_ads.csv
2024-01-30,Google,g_5001,Search_Brand_Terms,Search,gad_6001,Brand_Exact,25456,1334,254.60,50,2500.00,,,,,,,,,,,9.0000,0.9200,,,0.0524,0.19,10.00,0.0375,5.09,9.8193,,,02_google_ads.csv
2024-01-30,Google,g_5002,Search_Generic_Terms,Search,gad_6002,Product_Broad,45890,912,587.70,24,1200.00,,,,,,,,,,,7.0000,0.4500,,,0.0199,0.64,12.81,0.0263,24.49,2.0419,,,02_google_ads.csv
2024-01-30,Google,g_5003,Shopping_All_Products,Shopping,gad_6003,Best_Sellers,70234,2367,432.10,68,3400.00,,,,,,,,,,,8.0000,0.6700,,,0.0337,0.18,6.15,0.0287,6.35,7.8685,,,02_google_ads.csv
2024-01-30,Google,g_5004,Display_Remarketing,Retargeting,gad_6004,Cart_Abandoners,133456,478,131.20,14,700.00,,,,,,,,,,,7.0000,0.3500,,,0.0036,0.27,0.98,0.0293,9.37,5.3354,,,02_google_ads.csv
2024-01-30,TikTok,tt_8001,Awareness_GenZ,Awareness,ttad_9001,Dance_Challenge,295678,4345,573.20,44,,241234,188234,117890,79234,52789,10567,2856,667,,,,,14090,0.0477,0.0147,0.13,1.94,0.0101,13.03,,0.8159,0.2188,03_tiktok_ads.csv
2024-01-30,TikTok,tt_8002,Conversion_Focus,Conversion,ttad_9002,Product_Demo,161234,3089,823.70,83,,113456,83567,56234,42345,28234,5523,1589,301,,,,,7413,0.0460,0.0192,0.27,5.11,0.0269,9.92,,0.7037,0.2489,03_tiktok_ads.csv
2024-01-30,TikTok,tt_8003,Traffic_Campaign,Traffic,ttad_9003,Trending_Sounds,251234,3967,481.50,35,,198901,150567,119234,76890,46567,8678,2378,556,,,,,11612,0.0462,0.0158,0.12,1.92,0.0088,13.76,,0.7917,0.2341,03_tiktok_ads.csv
2024-01-30,TikTok,tt_8004,Influencer_Collab,Influencer,ttad_9004,Creator_Partnership,434567,7012,1089.30,109,,367890,296234,237890,168234,111234,19234,5534,1523,,,,,26291,0.0605,0.0161,0.16,2.51,0.0155,9.99,,0.8466,0.3024,03_tiktok_ads.csv
